gpu debug logging enabled
Enabled D3D12 DRED for this run.
Renderer direct command list close seq=0 reason=initial
Renderer direct command list reset seq=1 reason=texture-upload
Renderer direct command list close seq=1 reason=texture-upload
Renderer execute command lists seq=1 reason=texture-upload
Far LOD GPU context initialized
Far LOD worldgen tables uploaded biomeCount=9 biomeSelectionCount=6 oceanSelectionCount=1 transitionCount=3 subBiomeCount=4 seaLevel=20 seed=2025
Renderer direct command list reset seq=2 backBuffer=0
BackBuffer barrier beginFrame backBuffer=0 trackedBefore=COMMON|PRESENT requestedAfter=RENDER_TARGET
SceneColor clear consistency: creationClear=(0,0,0,0) clearCall=(0.470588,0.654902,1,1)
BackBuffer barrier endFrame backBuffer=0 trackedBefore=RENDER_TARGET requestedAfter=COMMON|PRESENT
Renderer direct command list close seq=2 backBuffer=0
Renderer execute command lists seq=2 backBuffer=0
Renderer direct command list reset seq=3 backBuffer=1
BackBuffer barrier beginFrame backBuffer=1 trackedBefore=COMMON|PRESENT requestedAfter=RENDER_TARGET
BackBuffer barrier endFrame backBuffer=1 trackedBefore=RENDER_TARGET requestedAfter=COMMON|PRESENT
Renderer direct command list close seq=3 backBuffer=1
Renderer execute command lists seq=3 backBuffer=1
Renderer direct command list reset seq=4 backBuffer=0
BackBuffer barrier beginFrame backBuffer=0 trackedBefore=COMMON|PRESENT requestedAfter=RENDER_TARGET
BackBuffer barrier endFrame backBuffer=0 trackedBefore=RENDER_TARGET requestedAfter=COMMON|PRESENT
Renderer direct command list close seq=4 backBuffer=0
Renderer execute command lists seq=4 backBuffer=0
Renderer direct command list reset seq=5 backBuffer=1
BackBuffer barrier beginFrame backBuffer=1 trackedBefore=COMMON|PRESENT requestedAfter=RENDER_TARGET
BackBuffer barrier endFrame backBuffer=1 trackedBefore=RENDER_TARGET requestedAfter=COMMON|PRESENT
Renderer direct command list close seq=5 backBuffer=1
Renderer execute command lists seq=5 backBuffer=1
Renderer direct command list reset seq=6 backBuffer=0
BackBuffer barrier beginFrame backBuffer=0 trackedBefore=COMMON|PRESENT requestedAfter=RENDER_TARGET
BackBuffer barrier endFrame backBuffer=0 trackedBefore=RENDER_TARGET requestedAfter=COMMON|PRESENT
Renderer direct command list close seq=6 backBuffer=0
Renderer execute command lists seq=6 backBuffer=0
Renderer direct command list reset seq=7 backBuffer=1
BackBuffer barrier beginFrame backBuffer=1 trackedBefore=COMMON|PRESENT requestedAfter=RENDER_TARGET
BackBuffer barrier endFrame backBuffer=1 trackedBefore=RENDER_TARGET requestedAfter=COMMON|PRESENT
Renderer direct command list close seq=7 backBuffer=1
Renderer execute command lists seq=7 backBuffer=1
Renderer direct command list reset seq=8 backBuffer=0
BackBuffer barrier beginFrame backBuffer=0 trackedBefore=COMMON|PRESENT requestedAfter=RENDER_TARGET
BackBuffer barrier endFrame backBuffer=0 trackedBefore=RENDER_TARGET requestedAfter=COMMON|PRESENT
Renderer direct command list close seq=8 backBuffer=0
Renderer execute command lists seq=8 backBuffer=0
Renderer direct command list reset seq=9 backBuffer=1
BackBuffer barrier beginFrame backBuffer=1 trackedBefore=COMMON|PRESENT requestedAfter=RENDER_TARGET
BackBuffer barrier endFrame backBuffer=1 trackedBefore=RENDER_TARGET requestedAfter=COMMON|PRESENT
Renderer direct command list close seq=9 backBuffer=1
Renderer execute command lists seq=9 backBuffer=1
Renderer direct command list reset seq=10 backBuffer=0
BackBuffer barrier beginFrame backBuffer=0 trackedBefore=COMMON|PRESENT requestedAfter=RENDER_TARGET
BackBuffer barrier endFrame backBuffer=0 trackedBefore=RENDER_TARGET requestedAfter=COMMON|PRESENT
Renderer direct command list close seq=10 backBuffer=0
Renderer execute command lists seq=10 backBuffer=0
Renderer direct command list reset seq=11 backBuffer=1
BackBuffer barrier beginFrame backBuffer=1 trackedBefore=COMMON|PRESENT requestedAfter=RENDER_TARGET
BackBuffer barrier endFrame backBuffer=1 trackedBefore=RENDER_TARGET requestedAfter=COMMON|PRESENT
Renderer direct command list close seq=11 backBuffer=1
Renderer execute command lists seq=11 backBuffer=1
Renderer direct command list reset seq=12 backBuffer=0
BackBuffer barrier beginFrame backBuffer=0 trackedBefore=COMMON|PRESENT requestedAfter=RENDER_TARGET
BackBuffer barrier endFrame backBuffer=0 trackedBefore=RENDER_TARGET requestedAfter=COMMON|PRESENT
Renderer direct command list close seq=12 backBuffer=0
Renderer execute command lists seq=12 backBuffer=0
Renderer direct command list reset seq=13 backBuffer=1
BackBuffer barrier beginFrame backBuffer=1 trackedBefore=COMMON|PRESENT requestedAfter=RENDER_TARGET
BackBuffer barrier endFrame backBuffer=1 trackedBefore=RENDER_TARGET requestedAfter=COMMON|PRESENT
Renderer direct command list close seq=13 backBuffer=1
Renderer execute command lists seq=13 backBuffer=1
Renderer direct command list reset seq=14 backBuffer=0
BackBuffer barrier beginFrame backBuffer=0 trackedBefore=COMMON|PRESENT requestedAfter=RENDER_TARGET
BackBuffer barrier endFrame backBuffer=0 trackedBefore=RENDER_TARGET requestedAfter=COMMON|PRESENT
Renderer direct command list close seq=14 backBuffer=0
Renderer execute command lists seq=14 backBuffer=0
Renderer direct command list reset seq=15 backBuffer=1
BackBuffer barrier beginFrame backBuffer=1 trackedBefore=COMMON|PRESENT requestedAfter=RENDER_TARGET
BackBuffer barrier endFrame backBuffer=1 trackedBefore=RENDER_TARGET requestedAfter=COMMON|PRESENT
Renderer direct command list close seq=15 backBuffer=1
Renderer execute command lists seq=15 backBuffer=1
Renderer direct command list reset seq=16 backBuffer=0
BackBuffer barrier beginFrame backBuffer=0 trackedBefore=COMMON|PRESENT requestedAfter=RENDER_TARGET
BackBuffer barrier endFrame backBuffer=0 trackedBefore=RENDER_TARGET requestedAfter=COMMON|PRESENT
Renderer direct command list close seq=16 backBuffer=0
Renderer execute command lists seq=16 backBuffer=0
Renderer direct command list reset seq=17 backBuffer=1
BackBuffer barrier beginFrame backBuffer=1 trackedBefore=COMMON|PRESENT requestedAfter=RENDER_TARGET
BackBuffer barrier endFrame backBuffer=1 trackedBefore=RENDER_TARGET requestedAfter=COMMON|PRESENT
Renderer direct command list close seq=17 backBuffer=1
Renderer execute command lists seq=17 backBuffer=1
Renderer direct command list reset seq=18 backBuffer=0
BackBuffer barrier beginFrame backBuffer=0 trackedBefore=COMMON|PRESENT requestedAfter=RENDER_TARGET
BackBuffer barrier endFrame backBuffer=0 trackedBefore=RENDER_TARGET requestedAfter=COMMON|PRESENT
Renderer direct command list close seq=18 backBuffer=0
Renderer execute command lists seq=18 backBuffer=0
Renderer direct command list reset seq=19 backBuffer=1
BackBuffer barrier beginFrame backBuffer=1 trackedBefore=COMMON|PRESENT requestedAfter=RENDER_TARGET
BackBuffer barrier endFrame backBuffer=1 trackedBefore=RENDER_TARGET requestedAfter=COMMON|PRESENT
Renderer direct command list close seq=19 backBuffer=1
Renderer execute command lists seq=19 backBuffer=1
Renderer direct command list reset seq=20 backBuffer=0
BackBuffer barrier beginFrame backBuffer=0 trackedBefore=COMMON|PRESENT requestedAfter=RENDER_TARGET
BackBuffer barrier endFrame backBuffer=0 trackedBefore=RENDER_TARGET requestedAfter=COMMON|PRESENT
Renderer direct command list close seq=20 backBuffer=0
Renderer execute command lists seq=20 backBuffer=0
Renderer direct command list reset seq=21 backBuffer=1
BackBuffer barrier beginFrame backBuffer=1 trackedBefore=COMMON|PRESENT requestedAfter=RENDER_TARGET
BackBuffer barrier endFrame backBuffer=1 trackedBefore=RENDER_TARGET requestedAfter=COMMON|PRESENT
Renderer direct command list close seq=21 backBuffer=1
Renderer execute command lists seq=21 backBuffer=1
Renderer direct command list reset seq=22 backBuffer=0
BackBuffer barrier beginFrame backBuffer=0 trackedBefore=COMMON|PRESENT requestedAfter=RENDER_TARGET
BackBuffer barrier endFrame backBuffer=0 trackedBefore=RENDER_TARGET requestedAfter=COMMON|PRESENT
Renderer direct command list close seq=22 backBuffer=0
Renderer execute command lists seq=22 backBuffer=0
Renderer direct command list reset seq=23 backBuffer=1
BackBuffer barrier beginFrame backBuffer=1 trackedBefore=COMMON|PRESENT requestedAfter=RENDER_TARGET
BackBuffer barrier endFrame backBuffer=1 trackedBefore=RENDER_TARGET requestedAfter=COMMON|PRESENT
Renderer direct command list close seq=23 backBuffer=1
Renderer execute command lists seq=23 backBuffer=1
Renderer direct command list reset seq=24 backBuffer=0
BackBuffer barrier beginFrame backBuffer=0 trackedBefore=COMMON|PRESENT requestedAfter=RENDER_TARGET
BackBuffer barrier endFrame backBuffer=0 trackedBefore=RENDER_TARGET requestedAfter=COMMON|PRESENT
Renderer direct command list close seq=24 backBuffer=0
Renderer execute command lists seq=24 backBuffer=0
Renderer direct command list reset seq=25 backBuffer=1
BackBuffer barrier beginFrame backBuffer=1 trackedBefore=COMMON|PRESENT requestedAfter=RENDER_TARGET
BackBuffer barrier endFrame backBuffer=1 trackedBefore=RENDER_TARGET requestedAfter=COMMON|PRESENT
Renderer direct command list close seq=25 backBuffer=1
Renderer execute command lists seq=25 backBuffer=1
Renderer direct command list reset seq=26 backBuffer=0
BackBuffer barrier beginFrame backBuffer=0 trackedBefore=COMMON|PRESENT requestedAfter=RENDER_TARGET
BackBuffer barrier endFrame backBuffer=0 trackedBefore=RENDER_TARGET requestedAfter=COMMON|PRESENT
Renderer direct command list close seq=26 backBuffer=0
Renderer execute command lists seq=26 backBuffer=0
Renderer direct command list reset seq=27 backBuffer=1
BackBuffer barrier beginFrame backBuffer=1 trackedBefore=COMMON|PRESENT requestedAfter=RENDER_TARGET
BackBuffer barrier endFrame backBuffer=1 trackedBefore=RENDER_TARGET requestedAfter=COMMON|PRESENT
Renderer direct command list close seq=27 backBuffer=1
Renderer execute command lists seq=27 backBuffer=1
Renderer direct command list reset seq=28 backBuffer=0
BackBuffer barrier beginFrame backBuffer=0 trackedBefore=COMMON|PRESENT requestedAfter=RENDER_TARGET
BackBuffer barrier endFrame backBuffer=0 trackedBefore=RENDER_TARGET requestedAfter=COMMON|PRESENT
Renderer direct command list close seq=28 backBuffer=0
Renderer execute command lists seq=28 backBuffer=0
Renderer direct command list reset seq=29 backBuffer=1
BackBuffer barrier beginFrame backBuffer=1 trackedBefore=COMMON|PRESENT requestedAfter=RENDER_TARGET
BackBuffer barrier endFrame backBuffer=1 trackedBefore=RENDER_TARGET requestedAfter=COMMON|PRESENT
Renderer direct command list close seq=29 backBuffer=1
Renderer execute command lists seq=29 backBuffer=1
Renderer direct command list reset seq=30 backBuffer=0
BackBuffer barrier beginFrame backBuffer=0 trackedBefore=COMMON|PRESENT requestedAfter=RENDER_TARGET
BackBuffer barrier endFrame backBuffer=0 trackedBefore=RENDER_TARGET requestedAfter=COMMON|PRESENT
Renderer direct command list close seq=30 backBuffer=0
Renderer execute command lists seq=30 backBuffer=0
Renderer direct command list reset seq=31 backBuffer=1
BackBuffer barrier beginFrame backBuffer=1 trackedBefore=COMMON|PRESENT requestedAfter=RENDER_TARGET
BackBuffer barrier endFrame backBuffer=1 trackedBefore=RENDER_TARGET requestedAfter=COMMON|PRESENT
Renderer direct command list close seq=31 backBuffer=1
Renderer execute command lists seq=31 backBuffer=1
Renderer direct command list reset seq=32 backBuffer=0
BackBuffer barrier beginFrame backBuffer=0 trackedBefore=COMMON|PRESENT requestedAfter=RENDER_TARGET
BackBuffer barrier endFrame backBuffer=0 trackedBefore=RENDER_TARGET requestedAfter=COMMON|PRESENT
Renderer direct command list close seq=32 backBuffer=0
Renderer execute command lists seq=32 backBuffer=0
Renderer direct command list reset seq=33 backBuffer=1
BackBuffer barrier beginFrame backBuffer=1 trackedBefore=COMMON|PRESENT requestedAfter=RENDER_TARGET
BackBuffer barrier endFrame backBuffer=1 trackedBefore=RENDER_TARGET requestedAfter=COMMON|PRESENT
Renderer direct command list close seq=33 backBuffer=1
Renderer execute command lists seq=33 backBuffer=1
Renderer direct command list reset seq=34 backBuffer=0
BackBuffer barrier beginFrame backBuffer=0 trackedBefore=COMMON|PRESENT requestedAfter=RENDER_TARGET
BackBuffer barrier endFrame backBuffer=0 trackedBefore=RENDER_TARGET requestedAfter=COMMON|PRESENT
Renderer direct command list close seq=34 backBuffer=0
Renderer execute command lists seq=34 backBuffer=0
Renderer direct command list reset seq=35 backBuffer=1
BackBuffer barrier beginFrame backBuffer=1 trackedBefore=COMMON|PRESENT requestedAfter=RENDER_TARGET
BackBuffer barrier endFrame backBuffer=1 trackedBefore=RENDER_TARGET requestedAfter=COMMON|PRESENT
Renderer direct command list close seq=35 backBuffer=1
Renderer execute command lists seq=35 backBuffer=1
Renderer direct command list reset seq=36 backBuffer=0
BackBuffer barrier beginFrame backBuffer=0 trackedBefore=COMMON|PRESENT requestedAfter=RENDER_TARGET
BackBuffer barrier endFrame backBuffer=0 trackedBefore=RENDER_TARGET requestedAfter=COMMON|PRESENT
Renderer direct command list close seq=36 backBuffer=0
Renderer execute command lists seq=36 backBuffer=0
Renderer direct command list reset seq=37 backBuffer=1
BackBuffer barrier beginFrame backBuffer=1 trackedBefore=COMMON|PRESENT requestedAfter=RENDER_TARGET
BackBuffer barrier endFrame backBuffer=1 trackedBefore=RENDER_TARGET requestedAfter=COMMON|PRESENT
Renderer direct command list close seq=37 backBuffer=1
Renderer execute command lists seq=37 backBuffer=1
Renderer direct command list reset seq=38 backBuffer=0
BackBuffer barrier beginFrame backBuffer=0 trackedBefore=COMMON|PRESENT requestedAfter=RENDER_TARGET
BackBuffer barrier endFrame backBuffer=0 trackedBefore=RENDER_TARGET requestedAfter=COMMON|PRESENT
Renderer direct command list close seq=38 backBuffer=0
Renderer execute command lists seq=38 backBuffer=0
Renderer direct command list reset seq=39 backBuffer=1
BackBuffer barrier beginFrame backBuffer=1 trackedBefore=COMMON|PRESENT requestedAfter=RENDER_TARGET
BackBuffer barrier endFrame backBuffer=1 trackedBefore=RENDER_TARGET requestedAfter=COMMON|PRESENT
Renderer direct command list close seq=39 backBuffer=1
Renderer execute command lists seq=39 backBuffer=1
Renderer direct command list reset seq=40 backBuffer=0
BackBuffer barrier beginFrame backBuffer=0 trackedBefore=COMMON|PRESENT requestedAfter=RENDER_TARGET
BackBuffer barrier endFrame backBuffer=0 trackedBefore=RENDER_TARGET requestedAfter=COMMON|PRESENT
Renderer direct command list close seq=40 backBuffer=0
Renderer execute command lists seq=40 backBuffer=0
Renderer direct command list reset seq=41 backBuffer=1
BackBuffer barrier beginFrame backBuffer=1 trackedBefore=COMMON|PRESENT requestedAfter=RENDER_TARGET
BackBuffer barrier endFrame backBuffer=1 trackedBefore=RENDER_TARGET requestedAfter=COMMON|PRESENT
Renderer direct command list close seq=41 backBuffer=1
Renderer execute command lists seq=41 backBuffer=1
Renderer direct command list reset seq=42 backBuffer=0
BackBuffer barrier beginFrame backBuffer=0 trackedBefore=COMMON|PRESENT requestedAfter=RENDER_TARGET
BackBuffer barrier endFrame backBuffer=0 trackedBefore=RENDER_TARGET requestedAfter=COMMON|PRESENT
Renderer direct command list close seq=42 backBuffer=0
Renderer execute command lists seq=42 backBuffer=0
Renderer direct command list reset seq=43 backBuffer=1
BackBuffer barrier beginFrame backBuffer=1 trackedBefore=COMMON|PRESENT requestedAfter=RENDER_TARGET
BackBuffer barrier endFrame backBuffer=1 trackedBefore=RENDER_TARGET requestedAfter=COMMON|PRESENT
Renderer direct command list close seq=43 backBuffer=1
Renderer execute command lists seq=43 backBuffer=1
Renderer direct command list reset seq=44 backBuffer=0
BackBuffer barrier beginFrame backBuffer=0 trackedBefore=COMMON|PRESENT requestedAfter=RENDER_TARGET
BackBuffer barrier endFrame backBuffer=0 trackedBefore=RENDER_TARGET requestedAfter=COMMON|PRESENT
Renderer direct command list close seq=44 backBuffer=0
Renderer execute command lists seq=44 backBuffer=0
Renderer direct command list reset seq=45 backBuffer=1
BackBuffer barrier beginFrame backBuffer=1 trackedBefore=COMMON|PRESENT requestedAfter=RENDER_TARGET
BackBuffer barrier endFrame backBuffer=1 trackedBefore=RENDER_TARGET requestedAfter=COMMON|PRESENT
Renderer direct command list close seq=45 backBuffer=1
Renderer execute command lists seq=45 backBuffer=1
Renderer direct command list reset seq=46 backBuffer=0
BackBuffer barrier beginFrame backBuffer=0 trackedBefore=COMMON|PRESENT requestedAfter=RENDER_TARGET
BackBuffer barrier endFrame backBuffer=0 trackedBefore=RENDER_TARGET requestedAfter=COMMON|PRESENT
Renderer direct command list close seq=46 backBuffer=0
Renderer execute command lists seq=46 backBuffer=0
Renderer direct command list reset seq=47 backBuffer=1
BackBuffer barrier beginFrame backBuffer=1 trackedBefore=COMMON|PRESENT requestedAfter=RENDER_TARGET
BackBuffer barrier endFrame backBuffer=1 trackedBefore=RENDER_TARGET requestedAfter=COMMON|PRESENT
Renderer direct command list close seq=47 backBuffer=1
Renderer execute command lists seq=47 backBuffer=1
Renderer direct command list reset seq=48 backBuffer=0
BackBuffer barrier beginFrame backBuffer=0 trackedBefore=COMMON|PRESENT requestedAfter=RENDER_TARGET
BackBuffer barrier endFrame backBuffer=0 trackedBefore=RENDER_TARGET requestedAfter=COMMON|PRESENT
Renderer direct command list close seq=48 backBuffer=0
Renderer execute command lists seq=48 backBuffer=0
Renderer direct command list reset seq=49 backBuffer=1
BackBuffer barrier beginFrame backBuffer=1 trackedBefore=COMMON|PRESENT requestedAfter=RENDER_TARGET
BackBuffer barrier endFrame backBuffer=1 trackedBefore=RENDER_TARGET requestedAfter=COMMON|PRESENT
Renderer direct command list close seq=49 backBuffer=1
Renderer execute command lists seq=49 backBuffer=1
Renderer direct command list reset seq=50 backBuffer=0
BackBuffer barrier beginFrame backBuffer=0 trackedBefore=COMMON|PRESENT requestedAfter=RENDER_TARGET
BackBuffer barrier endFrame backBuffer=0 trackedBefore=RENDER_TARGET requestedAfter=COMMON|PRESENT
Renderer direct command list close seq=50 backBuffer=0
Renderer execute command lists seq=50 backBuffer=0
Renderer direct command list reset seq=51 backBuffer=1
BackBuffer barrier beginFrame backBuffer=1 trackedBefore=COMMON|PRESENT requestedAfter=RENDER_TARGET
BackBuffer barrier endFrame backBuffer=1 trackedBefore=RENDER_TARGET requestedAfter=COMMON|PRESENT
Renderer direct command list close seq=51 backBuffer=1
Renderer execute command lists seq=51 backBuffer=1
Renderer direct command list reset seq=52 backBuffer=0
BackBuffer barrier beginFrame backBuffer=0 trackedBefore=COMMON|PRESENT requestedAfter=RENDER_TARGET
BackBuffer barrier endFrame backBuffer=0 trackedBefore=RENDER_TARGET requestedAfter=COMMON|PRESENT
Renderer direct command list close seq=52 backBuffer=0
Renderer execute command lists seq=52 backBuffer=0
Renderer direct command list reset seq=53 backBuffer=1
BackBuffer barrier beginFrame backBuffer=1 trackedBefore=COMMON|PRESENT requestedAfter=RENDER_TARGET
BackBuffer barrier endFrame backBuffer=1 trackedBefore=RENDER_TARGET requestedAfter=COMMON|PRESENT
Renderer direct command list close seq=53 backBuffer=1
Renderer execute command lists seq=53 backBuffer=1
Renderer direct command list reset seq=54 backBuffer=0
BackBuffer barrier beginFrame backBuffer=0 trackedBefore=COMMON|PRESENT requestedAfter=RENDER_TARGET
BackBuffer barrier endFrame backBuffer=0 trackedBefore=RENDER_TARGET requestedAfter=COMMON|PRESENT
Renderer direct command list close seq=54 backBuffer=0
Renderer execute command lists seq=54 backBuffer=0
Renderer direct command list reset seq=55 backBuffer=1
BackBuffer barrier beginFrame backBuffer=1 trackedBefore=COMMON|PRESENT requestedAfter=RENDER_TARGET
BackBuffer barrier endFrame backBuffer=1 trackedBefore=RENDER_TARGET requestedAfter=COMMON|PRESENT
Renderer direct command list close seq=55 backBuffer=1
Renderer execute command lists seq=55 backBuffer=1
Renderer direct command list reset seq=56 backBuffer=0
BackBuffer barrier beginFrame backBuffer=0 trackedBefore=COMMON|PRESENT requestedAfter=RENDER_TARGET
BackBuffer barrier endFrame backBuffer=0 trackedBefore=RENDER_TARGET requestedAfter=COMMON|PRESENT
Renderer direct command list close seq=56 backBuffer=0
Renderer execute command lists seq=56 backBuffer=0
Renderer direct command list reset seq=57 backBuffer=1
BackBuffer barrier beginFrame backBuffer=1 trackedBefore=COMMON|PRESENT requestedAfter=RENDER_TARGET
BackBuffer barrier endFrame backBuffer=1 trackedBefore=RENDER_TARGET requestedAfter=COMMON|PRESENT
Renderer direct command list close seq=57 backBuffer=1
Renderer execute command lists seq=57 backBuffer=1
Renderer direct command list reset seq=58 backBuffer=0
BackBuffer barrier beginFrame backBuffer=0 trackedBefore=COMMON|PRESENT requestedAfter=RENDER_TARGET
BackBuffer barrier endFrame backBuffer=0 trackedBefore=RENDER_TARGET requestedAfter=COMMON|PRESENT
Renderer direct command list close seq=58 backBuffer=0
Renderer execute command lists seq=58 backBuffer=0
Renderer direct command list reset seq=59 backBuffer=1
BackBuffer barrier beginFrame backBuffer=1 trackedBefore=COMMON|PRESENT requestedAfter=RENDER_TARGET
BackBuffer barrier endFrame backBuffer=1 trackedBefore=RENDER_TARGET requestedAfter=COMMON|PRESENT
Renderer direct command list close seq=59 backBuffer=1
Renderer execute command lists seq=59 backBuffer=1
Renderer direct command list reset seq=60 backBuffer=0
BackBuffer barrier beginFrame backBuffer=0 trackedBefore=COMMON|PRESENT requestedAfter=RENDER_TARGET
BackBuffer barrier endFrame backBuffer=0 trackedBefore=RENDER_TARGET requestedAfter=COMMON|PRESENT
Renderer direct command list close seq=60 backBuffer=0
Renderer execute command lists seq=60 backBuffer=0
Renderer direct command list reset seq=61 backBuffer=1
BackBuffer barrier beginFrame backBuffer=1 trackedBefore=COMMON|PRESENT requestedAfter=RENDER_TARGET
BackBuffer barrier endFrame backBuffer=1 trackedBefore=RENDER_TARGET requestedAfter=COMMON|PRESENT
Renderer direct command list close seq=61 backBuffer=1
Renderer execute command lists seq=61 backBuffer=1
Renderer direct command list reset seq=62 backBuffer=0
BackBuffer barrier beginFrame backBuffer=0 trackedBefore=COMMON|PRESENT requestedAfter=RENDER_TARGET
BackBuffer barrier endFrame backBuffer=0 trackedBefore=RENDER_TARGET requestedAfter=COMMON|PRESENT
Renderer direct command list close seq=62 backBuffer=0
Renderer execute command lists seq=62 backBuffer=0
Renderer direct command list reset seq=63 backBuffer=1
BackBuffer barrier beginFrame backBuffer=1 trackedBefore=COMMON|PRESENT requestedAfter=RENDER_TARGET
BackBuffer barrier endFrame backBuffer=1 trackedBefore=RENDER_TARGET requestedAfter=COMMON|PRESENT
Renderer direct command list close seq=63 backBuffer=1
Renderer execute command lists seq=63 backBuffer=1
Renderer direct command list reset seq=64 backBuffer=0
BackBuffer barrier beginFrame backBuffer=0 trackedBefore=COMMON|PRESENT requestedAfter=RENDER_TARGET
BackBuffer barrier endFrame backBuffer=0 trackedBefore=RENDER_TARGET requestedAfter=COMMON|PRESENT
Renderer direct command list close seq=64 backBuffer=0
Renderer execute command lists seq=64 backBuffer=0
Renderer direct command list reset seq=65 backBuffer=1
BackBuffer barrier beginFrame backBuffer=1 trackedBefore=COMMON|PRESENT requestedAfter=RENDER_TARGET
BackBuffer barrier endFrame backBuffer=1 trackedBefore=RENDER_TARGET requestedAfter=COMMON|PRESENT
Renderer direct command list close seq=65 backBuffer=1
Renderer execute command lists seq=65 backBuffer=1
Renderer direct command list reset seq=66 backBuffer=0
BackBuffer barrier beginFrame backBuffer=0 trackedBefore=COMMON|PRESENT requestedAfter=RENDER_TARGET
BackBuffer barrier endFrame backBuffer=0 trackedBefore=RENDER_TARGET requestedAfter=COMMON|PRESENT
Renderer direct command list close seq=66 backBuffer=0
Renderer execute command lists seq=66 backBuffer=0
Renderer direct command list reset seq=67 backBuffer=1
BackBuffer barrier beginFrame backBuffer=1 trackedBefore=COMMON|PRESENT requestedAfter=RENDER_TARGET
BackBuffer barrier endFrame backBuffer=1 trackedBefore=RENDER_TARGET requestedAfter=COMMON|PRESENT
Renderer direct command list close seq=67 backBuffer=1
Renderer execute command lists seq=67 backBuffer=1
Renderer direct command list reset seq=68 backBuffer=0
BackBuffer barrier beginFrame backBuffer=0 trackedBefore=COMMON|PRESENT requestedAfter=RENDER_TARGET
BackBuffer barrier endFrame backBuffer=0 trackedBefore=RENDER_TARGET requestedAfter=COMMON|PRESENT
Renderer direct command list close seq=68 backBuffer=0
Renderer execute command lists seq=68 backBuffer=0
Renderer direct command list reset seq=69 backBuffer=1
BackBuffer barrier beginFrame backBuffer=1 trackedBefore=COMMON|PRESENT requestedAfter=RENDER_TARGET
BackBuffer barrier endFrame backBuffer=1 trackedBefore=RENDER_TARGET requestedAfter=COMMON|PRESENT
Renderer direct command list close seq=69 backBuffer=1
Renderer execute command lists seq=69 backBuffer=1
Renderer direct command list reset seq=70 backBuffer=0
BackBuffer barrier beginFrame backBuffer=0 trackedBefore=COMMON|PRESENT requestedAfter=RENDER_TARGET
BackBuffer barrier endFrame backBuffer=0 trackedBefore=RENDER_TARGET requestedAfter=COMMON|PRESENT
Renderer direct command list close seq=70 backBuffer=0
Renderer execute command lists seq=70 backBuffer=0
Renderer direct command list reset seq=71 backBuffer=1
BackBuffer barrier beginFrame backBuffer=1 trackedBefore=COMMON|PRESENT requestedAfter=RENDER_TARGET
BackBuffer barrier endFrame backBuffer=1 trackedBefore=RENDER_TARGET requestedAfter=COMMON|PRESENT
Renderer direct command list close seq=71 backBuffer=1
Renderer execute command lists seq=71 backBuffer=1
Renderer direct command list reset seq=72 backBuffer=0
BackBuffer barrier beginFrame backBuffer=0 trackedBefore=COMMON|PRESENT requestedAfter=RENDER_TARGET
BackBuffer barrier endFrame backBuffer=0 trackedBefore=RENDER_TARGET requestedAfter=COMMON|PRESENT
Renderer direct command list close seq=72 backBuffer=0
Renderer execute command lists seq=72 backBuffer=0
Renderer direct command list reset seq=73 backBuffer=1
BackBuffer barrier beginFrame backBuffer=1 trackedBefore=COMMON|PRESENT requestedAfter=RENDER_TARGET
BackBuffer barrier endFrame backBuffer=1 trackedBefore=RENDER_TARGET requestedAfter=COMMON|PRESENT
Renderer direct command list close seq=73 backBuffer=1
Renderer execute command lists seq=73 backBuffer=1
Renderer direct command list reset seq=74 backBuffer=0
BackBuffer barrier beginFrame backBuffer=0 trackedBefore=COMMON|PRESENT requestedAfter=RENDER_TARGET
BackBuffer barrier endFrame backBuffer=0 trackedBefore=RENDER_TARGET requestedAfter=COMMON|PRESENT
Renderer direct command list close seq=74 backBuffer=0
Renderer execute command lists seq=74 backBuffer=0
Renderer direct command list reset seq=75 backBuffer=1
BackBuffer barrier beginFrame backBuffer=1 trackedBefore=COMMON|PRESENT requestedAfter=RENDER_TARGET
BackBuffer barrier endFrame backBuffer=1 trackedBefore=RENDER_TARGET requestedAfter=COMMON|PRESENT
Renderer direct command list close seq=75 backBuffer=1
Renderer execute command lists seq=75 backBuffer=1
Renderer direct command list reset seq=76 backBuffer=0
BackBuffer barrier beginFrame backBuffer=0 trackedBefore=COMMON|PRESENT requestedAfter=RENDER_TARGET
BackBuffer barrier endFrame backBuffer=0 trackedBefore=RENDER_TARGET requestedAfter=COMMON|PRESENT
Renderer direct command list close seq=76 backBuffer=0
Renderer execute command lists seq=76 backBuffer=0
Renderer direct command list reset seq=77 backBuffer=1
BackBuffer barrier beginFrame backBuffer=1 trackedBefore=COMMON|PRESENT requestedAfter=RENDER_TARGET
BackBuffer barrier endFrame backBuffer=1 trackedBefore=RENDER_TARGET requestedAfter=COMMON|PRESENT
Renderer direct command list close seq=77 backBuffer=1
Renderer execute command lists seq=77 backBuffer=1
Renderer direct command list reset seq=78 backBuffer=0
BackBuffer barrier beginFrame backBuffer=0 trackedBefore=COMMON|PRESENT requestedAfter=RENDER_TARGET
BackBuffer barrier endFrame backBuffer=0 trackedBefore=RENDER_TARGET requestedAfter=COMMON|PRESENT
Renderer direct command list close seq=78 backBuffer=0
Renderer execute command lists seq=78 backBuffer=0
Renderer direct command list reset seq=79 backBuffer=1
BackBuffer barrier beginFrame backBuffer=1 trackedBefore=COMMON|PRESENT requestedAfter=RENDER_TARGET
BackBuffer barrier endFrame backBuffer=1 trackedBefore=RENDER_TARGET requestedAfter=COMMON|PRESENT
Renderer direct command list close seq=79 backBuffer=1
Renderer execute command lists seq=79 backBuffer=1
Renderer direct command list reset seq=80 backBuffer=0
BackBuffer barrier beginFrame backBuffer=0 trackedBefore=COMMON|PRESENT requestedAfter=RENDER_TARGET
BackBuffer barrier endFrame backBuffer=0 trackedBefore=RENDER_TARGET requestedAfter=COMMON|PRESENT
Renderer direct command list close seq=80 backBuffer=0
Renderer execute command lists seq=80 backBuffer=0
Renderer direct command list reset seq=81 backBuffer=1
BackBuffer barrier beginFrame backBuffer=1 trackedBefore=COMMON|PRESENT requestedAfter=RENDER_TARGET
BackBuffer barrier endFrame backBuffer=1 trackedBefore=RENDER_TARGET requestedAfter=COMMON|PRESENT
Renderer direct command list close seq=81 backBuffer=1
Renderer execute command lists seq=81 backBuffer=1
Renderer direct command list reset seq=82 backBuffer=0
BackBuffer barrier beginFrame backBuffer=0 trackedBefore=COMMON|PRESENT requestedAfter=RENDER_TARGET
BackBuffer barrier endFrame backBuffer=0 trackedBefore=RENDER_TARGET requestedAfter=COMMON|PRESENT
Renderer direct command list close seq=82 backBuffer=0
Renderer execute command lists seq=82 backBuffer=0
Renderer direct command list reset seq=83 backBuffer=1
BackBuffer barrier beginFrame backBuffer=1 trackedBefore=COMMON|PRESENT requestedAfter=RENDER_TARGET
BackBuffer barrier endFrame backBuffer=1 trackedBefore=RENDER_TARGET requestedAfter=COMMON|PRESENT
Renderer direct command list close seq=83 backBuffer=1
Renderer execute command lists seq=83 backBuffer=1
Renderer direct command list reset seq=84 backBuffer=0
BackBuffer barrier beginFrame backBuffer=0 trackedBefore=COMMON|PRESENT requestedAfter=RENDER_TARGET
BackBuffer barrier endFrame backBuffer=0 trackedBefore=RENDER_TARGET requestedAfter=COMMON|PRESENT
Renderer direct command list close seq=84 backBuffer=0
Renderer execute command lists seq=84 backBuffer=0
Renderer direct command list reset seq=85 backBuffer=1
BackBuffer barrier beginFrame backBuffer=1 trackedBefore=COMMON|PRESENT requestedAfter=RENDER_TARGET
BackBuffer barrier endFrame backBuffer=1 trackedBefore=RENDER_TARGET requestedAfter=COMMON|PRESENT
Renderer direct command list close seq=85 backBuffer=1
Renderer execute command lists seq=85 backBuffer=1
Renderer direct command list reset seq=86 backBuffer=0
BackBuffer barrier beginFrame backBuffer=0 trackedBefore=COMMON|PRESENT requestedAfter=RENDER_TARGET
BackBuffer barrier endFrame backBuffer=0 trackedBefore=RENDER_TARGET requestedAfter=COMMON|PRESENT
Renderer direct command list close seq=86 backBuffer=0
Renderer execute command lists seq=86 backBuffer=0
Renderer direct command list reset seq=87 backBuffer=1
BackBuffer barrier beginFrame backBuffer=1 trackedBefore=COMMON|PRESENT requestedAfter=RENDER_TARGET
BackBuffer barrier endFrame backBuffer=1 trackedBefore=RENDER_TARGET requestedAfter=COMMON|PRESENT
Renderer direct command list close seq=87 backBuffer=1
Renderer execute command lists seq=87 backBuffer=1
Renderer direct command list reset seq=88 backBuffer=0
BackBuffer barrier beginFrame backBuffer=0 trackedBefore=COMMON|PRESENT requestedAfter=RENDER_TARGET
BackBuffer barrier endFrame backBuffer=0 trackedBefore=RENDER_TARGET requestedAfter=COMMON|PRESENT
Renderer direct command list close seq=88 backBuffer=0
Renderer execute command lists seq=88 backBuffer=0
Renderer direct command list reset seq=89 backBuffer=1
BackBuffer barrier beginFrame backBuffer=1 trackedBefore=COMMON|PRESENT requestedAfter=RENDER_TARGET
BackBuffer barrier endFrame backBuffer=1 trackedBefore=RENDER_TARGET requestedAfter=COMMON|PRESENT
Renderer direct command list close seq=89 backBuffer=1
Renderer execute command lists seq=89 backBuffer=1
Renderer direct command list reset seq=90 backBuffer=0
BackBuffer barrier beginFrame backBuffer=0 trackedBefore=COMMON|PRESENT requestedAfter=RENDER_TARGET
BackBuffer barrier endFrame backBuffer=0 trackedBefore=RENDER_TARGET requestedAfter=COMMON|PRESENT
Renderer direct command list close seq=90 backBuffer=0
Renderer execute command lists seq=90 backBuffer=0
Renderer direct command list reset seq=91 backBuffer=1
BackBuffer barrier beginFrame backBuffer=1 trackedBefore=COMMON|PRESENT requestedAfter=RENDER_TARGET
BackBuffer barrier endFrame backBuffer=1 trackedBefore=RENDER_TARGET requestedAfter=COMMON|PRESENT
Renderer direct command list close seq=91 backBuffer=1
Renderer execute command lists seq=91 backBuffer=1
Renderer direct command list reset seq=92 backBuffer=0
BackBuffer barrier beginFrame backBuffer=0 trackedBefore=COMMON|PRESENT requestedAfter=RENDER_TARGET
BackBuffer barrier endFrame backBuffer=0 trackedBefore=RENDER_TARGET requestedAfter=COMMON|PRESENT
Renderer direct command list close seq=92 backBuffer=0
Renderer execute command lists seq=92 backBuffer=0
Renderer direct command list reset seq=93 backBuffer=1
BackBuffer barrier beginFrame backBuffer=1 trackedBefore=COMMON|PRESENT requestedAfter=RENDER_TARGET
BackBuffer barrier endFrame backBuffer=1 trackedBefore=RENDER_TARGET requestedAfter=COMMON|PRESENT
Renderer direct command list close seq=93 backBuffer=1
Renderer execute command lists seq=93 backBuffer=1
Renderer direct command list reset seq=94 backBuffer=0
BackBuffer barrier beginFrame backBuffer=0 trackedBefore=COMMON|PRESENT requestedAfter=RENDER_TARGET
BackBuffer barrier endFrame backBuffer=0 trackedBefore=RENDER_TARGET requestedAfter=COMMON|PRESENT
Renderer direct command list close seq=94 backBuffer=0
Renderer execute command lists seq=94 backBuffer=0
Renderer direct command list reset seq=95 backBuffer=1
BackBuffer barrier beginFrame backBuffer=1 trackedBefore=COMMON|PRESENT requestedAfter=RENDER_TARGET
BackBuffer barrier endFrame backBuffer=1 trackedBefore=RENDER_TARGET requestedAfter=COMMON|PRESENT
Renderer direct command list close seq=95 backBuffer=1
Renderer execute command lists seq=95 backBuffer=1
Renderer direct command list reset seq=96 backBuffer=0
BackBuffer barrier beginFrame backBuffer=0 trackedBefore=COMMON|PRESENT requestedAfter=RENDER_TARGET
BackBuffer barrier endFrame backBuffer=0 trackedBefore=RENDER_TARGET requestedAfter=COMMON|PRESENT
Renderer direct command list close seq=96 backBuffer=0
Renderer execute command lists seq=96 backBuffer=0
Renderer direct command list reset seq=97 backBuffer=1
BackBuffer barrier beginFrame backBuffer=1 trackedBefore=COMMON|PRESENT requestedAfter=RENDER_TARGET
BackBuffer barrier endFrame backBuffer=1 trackedBefore=RENDER_TARGET requestedAfter=COMMON|PRESENT
Renderer direct command list close seq=97 backBuffer=1
Renderer execute command lists seq=97 backBuffer=1
Renderer direct command list reset seq=98 backBuffer=0
BackBuffer barrier beginFrame backBuffer=0 trackedBefore=COMMON|PRESENT requestedAfter=RENDER_TARGET
BackBuffer barrier endFrame backBuffer=0 trackedBefore=RENDER_TARGET requestedAfter=COMMON|PRESENT
Renderer direct command list close seq=98 backBuffer=0
Renderer execute command lists seq=98 backBuffer=0
Renderer direct command list reset seq=99 backBuffer=1
BackBuffer barrier beginFrame backBuffer=1 trackedBefore=COMMON|PRESENT requestedAfter=RENDER_TARGET
BackBuffer barrier endFrame backBuffer=1 trackedBefore=RENDER_TARGET requestedAfter=COMMON|PRESENT
Renderer direct command list close seq=99 backBuffer=1
Renderer execute command lists seq=99 backBuffer=1
Renderer direct command list reset seq=100 backBuffer=0
BackBuffer barrier beginFrame backBuffer=0 trackedBefore=COMMON|PRESENT requestedAfter=RENDER_TARGET
BackBuffer barrier endFrame backBuffer=0 trackedBefore=RENDER_TARGET requestedAfter=COMMON|PRESENT
Renderer direct command list close seq=100 backBuffer=0
Renderer execute command lists seq=100 backBuffer=0
Renderer direct command list reset seq=101 backBuffer=1
BackBuffer barrier beginFrame backBuffer=1 trackedBefore=COMMON|PRESENT requestedAfter=RENDER_TARGET
BackBuffer barrier endFrame backBuffer=1 trackedBefore=RENDER_TARGET requestedAfter=COMMON|PRESENT
Renderer direct command list close seq=101 backBuffer=1
Renderer execute command lists seq=101 backBuffer=1
Renderer direct command list reset seq=102 backBuffer=0
BackBuffer barrier beginFrame backBuffer=0 trackedBefore=COMMON|PRESENT requestedAfter=RENDER_TARGET
BackBuffer barrier endFrame backBuffer=0 trackedBefore=RENDER_TARGET requestedAfter=COMMON|PRESENT
Renderer direct command list close seq=102 backBuffer=0
Renderer execute command lists seq=102 backBuffer=0
Renderer direct command list reset seq=103 backBuffer=1
BackBuffer barrier beginFrame backBuffer=1 trackedBefore=COMMON|PRESENT requestedAfter=RENDER_TARGET
BackBuffer barrier endFrame backBuffer=1 trackedBefore=RENDER_TARGET requestedAfter=COMMON|PRESENT
Renderer direct command list close seq=103 backBuffer=1
Renderer execute command lists seq=103 backBuffer=1
Renderer direct command list reset seq=104 backBuffer=0
BackBuffer barrier beginFrame backBuffer=0 trackedBefore=COMMON|PRESENT requestedAfter=RENDER_TARGET
BackBuffer barrier endFrame backBuffer=0 trackedBefore=RENDER_TARGET requestedAfter=COMMON|PRESENT
Renderer direct command list close seq=104 backBuffer=0
Renderer execute command lists seq=104 backBuffer=0
Renderer direct command list reset seq=105 backBuffer=1
BackBuffer barrier beginFrame backBuffer=1 trackedBefore=COMMON|PRESENT requestedAfter=RENDER_TARGET
BackBuffer barrier endFrame backBuffer=1 trackedBefore=RENDER_TARGET requestedAfter=COMMON|PRESENT
Renderer direct command list close seq=105 backBuffer=1
Renderer execute command lists seq=105 backBuffer=1
Renderer direct command list reset seq=106 backBuffer=0
BackBuffer barrier beginFrame backBuffer=0 trackedBefore=COMMON|PRESENT requestedAfter=RENDER_TARGET
BackBuffer barrier endFrame backBuffer=0 trackedBefore=RENDER_TARGET requestedAfter=COMMON|PRESENT
Renderer direct command list close seq=106 backBuffer=0
Renderer execute command lists seq=106 backBuffer=0
Renderer direct command list reset seq=107 backBuffer=1
BackBuffer barrier beginFrame backBuffer=1 trackedBefore=COMMON|PRESENT requestedAfter=RENDER_TARGET
BackBuffer barrier endFrame backBuffer=1 trackedBefore=RENDER_TARGET requestedAfter=COMMON|PRESENT
Renderer direct command list close seq=107 backBuffer=1
Renderer execute command lists seq=107 backBuffer=1
Renderer direct command list reset seq=108 backBuffer=0
BackBuffer barrier beginFrame backBuffer=0 trackedBefore=COMMON|PRESENT requestedAfter=RENDER_TARGET
BackBuffer barrier endFrame backBuffer=0 trackedBefore=RENDER_TARGET requestedAfter=COMMON|PRESENT
Renderer direct command list close seq=108 backBuffer=0
Renderer execute command lists seq=108 backBuffer=0
Renderer direct command list reset seq=109 backBuffer=1
BackBuffer barrier beginFrame backBuffer=1 trackedBefore=COMMON|PRESENT requestedAfter=RENDER_TARGET
BackBuffer barrier endFrame backBuffer=1 trackedBefore=RENDER_TARGET requestedAfter=COMMON|PRESENT
Renderer direct command list close seq=109 backBuffer=1
Renderer execute command lists seq=109 backBuffer=1
Renderer direct command list reset seq=110 backBuffer=0
BackBuffer barrier beginFrame backBuffer=0 trackedBefore=COMMON|PRESENT requestedAfter=RENDER_TARGET
BackBuffer barrier endFrame backBuffer=0 trackedBefore=RENDER_TARGET requestedAfter=COMMON|PRESENT
Renderer direct command list close seq=110 backBuffer=0
Renderer execute command lists seq=110 backBuffer=0
Renderer direct command list reset seq=111 backBuffer=1
BackBuffer barrier beginFrame backBuffer=1 trackedBefore=COMMON|PRESENT requestedAfter=RENDER_TARGET
BackBuffer barrier endFrame backBuffer=1 trackedBefore=RENDER_TARGET requestedAfter=COMMON|PRESENT
Renderer direct command list close seq=111 backBuffer=1
Renderer execute command lists seq=111 backBuffer=1
Renderer direct command list reset seq=112 backBuffer=0
BackBuffer barrier beginFrame backBuffer=0 trackedBefore=COMMON|PRESENT requestedAfter=RENDER_TARGET
BackBuffer barrier endFrame backBuffer=0 trackedBefore=RENDER_TARGET requestedAfter=COMMON|PRESENT
Renderer direct command list close seq=112 backBuffer=0
Renderer execute command lists seq=112 backBuffer=0
Renderer direct command list reset seq=113 backBuffer=1
BackBuffer barrier beginFrame backBuffer=1 trackedBefore=COMMON|PRESENT requestedAfter=RENDER_TARGET
BackBuffer barrier endFrame backBuffer=1 trackedBefore=RENDER_TARGET requestedAfter=COMMON|PRESENT
Renderer direct command list close seq=113 backBuffer=1
Renderer execute command lists seq=113 backBuffer=1
Renderer direct command list reset seq=114 backBuffer=0
BackBuffer barrier beginFrame backBuffer=0 trackedBefore=COMMON|PRESENT requestedAfter=RENDER_TARGET
BackBuffer barrier endFrame backBuffer=0 trackedBefore=RENDER_TARGET requestedAfter=COMMON|PRESENT
Renderer direct command list close seq=114 backBuffer=0
Renderer execute command lists seq=114 backBuffer=0
Renderer direct command list reset seq=115 backBuffer=1
BackBuffer barrier beginFrame backBuffer=1 trackedBefore=COMMON|PRESENT requestedAfter=RENDER_TARGET
BackBuffer barrier endFrame backBuffer=1 trackedBefore=RENDER_TARGET requestedAfter=COMMON|PRESENT
Renderer direct command list close seq=115 backBuffer=1
Renderer execute command lists seq=115 backBuffer=1
Renderer direct command list reset seq=116 backBuffer=0
BackBuffer barrier beginFrame backBuffer=0 trackedBefore=COMMON|PRESENT requestedAfter=RENDER_TARGET
BackBuffer barrier endFrame backBuffer=0 trackedBefore=RENDER_TARGET requestedAfter=COMMON|PRESENT
Renderer direct command list close seq=116 backBuffer=0
Renderer execute command lists seq=116 backBuffer=0
Renderer direct command list reset seq=117 backBuffer=1
BackBuffer barrier beginFrame backBuffer=1 trackedBefore=COMMON|PRESENT requestedAfter=RENDER_TARGET
BackBuffer barrier endFrame backBuffer=1 trackedBefore=RENDER_TARGET requestedAfter=COMMON|PRESENT
Renderer direct command list close seq=117 backBuffer=1
Renderer execute command lists seq=117 backBuffer=1
Renderer direct command list reset seq=118 backBuffer=0
BackBuffer barrier beginFrame backBuffer=0 trackedBefore=COMMON|PRESENT requestedAfter=RENDER_TARGET
BackBuffer barrier endFrame backBuffer=0 trackedBefore=RENDER_TARGET requestedAfter=COMMON|PRESENT
Renderer direct command list close seq=118 backBuffer=0
Renderer execute command lists seq=118 backBuffer=0
Renderer direct command list reset seq=119 backBuffer=1
BackBuffer barrier beginFrame backBuffer=1 trackedBefore=COMMON|PRESENT requestedAfter=RENDER_TARGET
BackBuffer barrier endFrame backBuffer=1 trackedBefore=RENDER_TARGET requestedAfter=COMMON|PRESENT
Renderer direct command list close seq=119 backBuffer=1
Renderer execute command lists seq=119 backBuffer=1
Renderer direct command list reset seq=120 backBuffer=0
BackBuffer barrier beginFrame backBuffer=0 trackedBefore=COMMON|PRESENT requestedAfter=RENDER_TARGET
BackBuffer barrier endFrame backBuffer=0 trackedBefore=RENDER_TARGET requestedAfter=COMMON|PRESENT
Renderer direct command list close seq=120 backBuffer=0
Renderer execute command lists seq=120 backBuffer=0
Renderer direct command list reset seq=121 backBuffer=1
BackBuffer barrier beginFrame backBuffer=1 trackedBefore=COMMON|PRESENT requestedAfter=RENDER_TARGET
BackBuffer barrier endFrame backBuffer=1 trackedBefore=RENDER_TARGET requestedAfter=COMMON|PRESENT
Renderer direct command list close seq=121 backBuffer=1
Renderer execute command lists seq=121 backBuffer=1
Renderer direct command list reset seq=122 backBuffer=0
BackBuffer barrier beginFrame backBuffer=0 trackedBefore=COMMON|PRESENT requestedAfter=RENDER_TARGET
BackBuffer barrier endFrame backBuffer=0 trackedBefore=RENDER_TARGET requestedAfter=COMMON|PRESENT
Renderer direct command list close seq=122 backBuffer=0
Renderer execute command lists seq=122 backBuffer=0
Renderer direct command list reset seq=123 backBuffer=1
BackBuffer barrier beginFrame backBuffer=1 trackedBefore=COMMON|PRESENT requestedAfter=RENDER_TARGET
BackBuffer barrier endFrame backBuffer=1 trackedBefore=RENDER_TARGET requestedAfter=COMMON|PRESENT
Renderer direct command list close seq=123 backBuffer=1
Renderer execute command lists seq=123 backBuffer=1
Renderer direct command list reset seq=124 backBuffer=0
BackBuffer barrier beginFrame backBuffer=0 trackedBefore=COMMON|PRESENT requestedAfter=RENDER_TARGET
BackBuffer barrier endFrame backBuffer=0 trackedBefore=RENDER_TARGET requestedAfter=COMMON|PRESENT
Renderer direct command list close seq=124 backBuffer=0
Renderer execute command lists seq=124 backBuffer=0
Renderer direct command list reset seq=125 backBuffer=1
BackBuffer barrier beginFrame backBuffer=1 trackedBefore=COMMON|PRESENT requestedAfter=RENDER_TARGET
BackBuffer barrier endFrame backBuffer=1 trackedBefore=RENDER_TARGET requestedAfter=COMMON|PRESENT
Renderer direct command list close seq=125 backBuffer=1
Renderer execute command lists seq=125 backBuffer=1
Renderer direct command list reset seq=126 backBuffer=0
BackBuffer barrier beginFrame backBuffer=0 trackedBefore=COMMON|PRESENT requestedAfter=RENDER_TARGET
BackBuffer barrier endFrame backBuffer=0 trackedBefore=RENDER_TARGET requestedAfter=COMMON|PRESENT
Renderer direct command list close seq=126 backBuffer=0
Renderer execute command lists seq=126 backBuffer=0
Renderer direct command list reset seq=127 backBuffer=1
BackBuffer barrier beginFrame backBuffer=1 trackedBefore=COMMON|PRESENT requestedAfter=RENDER_TARGET
BackBuffer barrier endFrame backBuffer=1 trackedBefore=RENDER_TARGET requestedAfter=COMMON|PRESENT
Renderer direct command list close seq=127 backBuffer=1
Renderer execute command lists seq=127 backBuffer=1
Renderer direct command list reset seq=128 backBuffer=0
BackBuffer barrier beginFrame backBuffer=0 trackedBefore=COMMON|PRESENT requestedAfter=RENDER_TARGET
BackBuffer barrier endFrame backBuffer=0 trackedBefore=RENDER_TARGET requestedAfter=COMMON|PRESENT
Renderer direct command list close seq=128 backBuffer=0
Renderer execute command lists seq=128 backBuffer=0
Renderer direct command list reset seq=129 backBuffer=1
BackBuffer barrier beginFrame backBuffer=1 trackedBefore=COMMON|PRESENT requestedAfter=RENDER_TARGET
BackBuffer barrier endFrame backBuffer=1 trackedBefore=RENDER_TARGET requestedAfter=COMMON|PRESENT
Renderer direct command list close seq=129 backBuffer=1
Renderer execute command lists seq=129 backBuffer=1
Renderer direct command list reset seq=130 backBuffer=0
BackBuffer barrier beginFrame backBuffer=0 trackedBefore=COMMON|PRESENT requestedAfter=RENDER_TARGET
BackBuffer barrier endFrame backBuffer=0 trackedBefore=RENDER_TARGET requestedAfter=COMMON|PRESENT
Renderer direct command list close seq=130 backBuffer=0
Renderer execute command lists seq=130 backBuffer=0
Renderer direct command list reset seq=131 backBuffer=1
BackBuffer barrier beginFrame backBuffer=1 trackedBefore=COMMON|PRESENT requestedAfter=RENDER_TARGET
BackBuffer barrier endFrame backBuffer=1 trackedBefore=RENDER_TARGET requestedAfter=COMMON|PRESENT
Renderer direct command list close seq=131 backBuffer=1
Renderer execute command lists seq=131 backBuffer=1
Renderer direct command list reset seq=132 backBuffer=0
BackBuffer barrier beginFrame backBuffer=0 trackedBefore=COMMON|PRESENT requestedAfter=RENDER_TARGET
BackBuffer barrier endFrame backBuffer=0 trackedBefore=RENDER_TARGET requestedAfter=COMMON|PRESENT
Renderer direct command list close seq=132 backBuffer=0
Renderer execute command lists seq=132 backBuffer=0
Renderer direct command list reset seq=133 backBuffer=1
BackBuffer barrier beginFrame backBuffer=1 trackedBefore=COMMON|PRESENT requestedAfter=RENDER_TARGET
BackBuffer barrier endFrame backBuffer=1 trackedBefore=RENDER_TARGET requestedAfter=COMMON|PRESENT
Renderer direct command list close seq=133 backBuffer=1
Renderer execute command lists seq=133 backBuffer=1
Renderer direct command list reset seq=134 backBuffer=0
BackBuffer barrier beginFrame backBuffer=0 trackedBefore=COMMON|PRESENT requestedAfter=RENDER_TARGET
BackBuffer barrier endFrame backBuffer=0 trackedBefore=RENDER_TARGET requestedAfter=COMMON|PRESENT
Renderer direct command list close seq=134 backBuffer=0
Renderer execute command lists seq=134 backBuffer=0
Renderer direct command list reset seq=135 backBuffer=1
BackBuffer barrier beginFrame backBuffer=1 trackedBefore=COMMON|PRESENT requestedAfter=RENDER_TARGET
BackBuffer barrier endFrame backBuffer=1 trackedBefore=RENDER_TARGET requestedAfter=COMMON|PRESENT
Renderer direct command list close seq=135 backBuffer=1
Renderer execute command lists seq=135 backBuffer=1
Renderer direct command list reset seq=136 backBuffer=0
BackBuffer barrier beginFrame backBuffer=0 trackedBefore=COMMON|PRESENT requestedAfter=RENDER_TARGET
BackBuffer barrier endFrame backBuffer=0 trackedBefore=RENDER_TARGET requestedAfter=COMMON|PRESENT
Renderer direct command list close seq=136 backBuffer=0
Renderer execute command lists seq=136 backBuffer=0
Renderer direct command list reset seq=137 backBuffer=1
BackBuffer barrier beginFrame backBuffer=1 trackedBefore=COMMON|PRESENT requestedAfter=RENDER_TARGET
BackBuffer barrier endFrame backBuffer=1 trackedBefore=RENDER_TARGET requestedAfter=COMMON|PRESENT
Renderer direct command list close seq=137 backBuffer=1
Renderer execute command lists seq=137 backBuffer=1
Renderer direct command list reset seq=138 backBuffer=0
BackBuffer barrier beginFrame backBuffer=0 trackedBefore=COMMON|PRESENT requestedAfter=RENDER_TARGET
BackBuffer barrier endFrame backBuffer=0 trackedBefore=RENDER_TARGET requestedAfter=COMMON|PRESENT
Renderer direct command list close seq=138 backBuffer=0
Renderer execute command lists seq=138 backBuffer=0
Renderer direct command list reset seq=139 backBuffer=1
BackBuffer barrier beginFrame backBuffer=1 trackedBefore=COMMON|PRESENT requestedAfter=RENDER_TARGET
BackBuffer barrier endFrame backBuffer=1 trackedBefore=RENDER_TARGET requestedAfter=COMMON|PRESENT
Renderer direct command list close seq=139 backBuffer=1
Renderer execute command lists seq=139 backBuffer=1
Renderer direct command list reset seq=140 backBuffer=0
BackBuffer barrier beginFrame backBuffer=0 trackedBefore=COMMON|PRESENT requestedAfter=RENDER_TARGET
BackBuffer barrier endFrame backBuffer=0 trackedBefore=RENDER_TARGET requestedAfter=COMMON|PRESENT
Renderer direct command list close seq=140 backBuffer=0
Renderer execute command lists seq=140 backBuffer=0
Renderer direct command list reset seq=141 backBuffer=1
BackBuffer barrier beginFrame backBuffer=1 trackedBefore=COMMON|PRESENT requestedAfter=RENDER_TARGET
BackBuffer barrier endFrame backBuffer=1 trackedBefore=RENDER_TARGET requestedAfter=COMMON|PRESENT
Renderer direct command list close seq=141 backBuffer=1
Renderer execute command lists seq=141 backBuffer=1
Renderer direct command list reset seq=142 backBuffer=0
BackBuffer barrier beginFrame backBuffer=0 trackedBefore=COMMON|PRESENT requestedAfter=RENDER_TARGET
BackBuffer barrier endFrame backBuffer=0 trackedBefore=RENDER_TARGET requestedAfter=COMMON|PRESENT
Renderer direct command list close seq=142 backBuffer=0
Renderer execute command lists seq=142 backBuffer=0
Renderer direct command list reset seq=143 backBuffer=1
BackBuffer barrier beginFrame backBuffer=1 trackedBefore=COMMON|PRESENT requestedAfter=RENDER_TARGET
BackBuffer barrier endFrame backBuffer=1 trackedBefore=RENDER_TARGET requestedAfter=COMMON|PRESENT
Renderer direct command list close seq=143 backBuffer=1
Renderer execute command lists seq=143 backBuffer=1
Renderer direct command list reset seq=144 backBuffer=0
BackBuffer barrier beginFrame backBuffer=0 trackedBefore=COMMON|PRESENT requestedAfter=RENDER_TARGET
BackBuffer barrier endFrame backBuffer=0 trackedBefore=RENDER_TARGET requestedAfter=COMMON|PRESENT
Renderer direct command list close seq=144 backBuffer=0
Renderer execute command lists seq=144 backBuffer=0
Renderer direct command list reset seq=145 backBuffer=1
BackBuffer barrier beginFrame backBuffer=1 trackedBefore=COMMON|PRESENT requestedAfter=RENDER_TARGET
BackBuffer barrier endFrame backBuffer=1 trackedBefore=RENDER_TARGET requestedAfter=COMMON|PRESENT
Renderer direct command list close seq=145 backBuffer=1
Renderer execute command lists seq=145 backBuffer=1
Renderer direct command list reset seq=146 backBuffer=0
BackBuffer barrier beginFrame backBuffer=0 trackedBefore=COMMON|PRESENT requestedAfter=RENDER_TARGET
BackBuffer barrier endFrame backBuffer=0 trackedBefore=RENDER_TARGET requestedAfter=COMMON|PRESENT
Renderer direct command list close seq=146 backBuffer=0
Renderer execute command lists seq=146 backBuffer=0
Renderer direct command list reset seq=147 backBuffer=1
BackBuffer barrier beginFrame backBuffer=1 trackedBefore=COMMON|PRESENT requestedAfter=RENDER_TARGET
BackBuffer barrier endFrame backBuffer=1 trackedBefore=RENDER_TARGET requestedAfter=COMMON|PRESENT
Renderer direct command list close seq=147 backBuffer=1
Renderer execute command lists seq=147 backBuffer=1
Renderer direct command list reset seq=148 backBuffer=0
BackBuffer barrier beginFrame backBuffer=0 trackedBefore=COMMON|PRESENT requestedAfter=RENDER_TARGET
BackBuffer barrier endFrame backBuffer=0 trackedBefore=RENDER_TARGET requestedAfter=COMMON|PRESENT
Renderer direct command list close seq=148 backBuffer=0
Renderer execute command lists seq=148 backBuffer=0
Renderer direct command list reset seq=149 backBuffer=1
BackBuffer barrier beginFrame backBuffer=1 trackedBefore=COMMON|PRESENT requestedAfter=RENDER_TARGET
BackBuffer barrier endFrame backBuffer=1 trackedBefore=RENDER_TARGET requestedAfter=COMMON|PRESENT
Renderer direct command list close seq=149 backBuffer=1
Renderer execute command lists seq=149 backBuffer=1
Renderer direct command list reset seq=150 backBuffer=0
BackBuffer barrier beginFrame backBuffer=0 trackedBefore=COMMON|PRESENT requestedAfter=RENDER_TARGET
BackBuffer barrier endFrame backBuffer=0 trackedBefore=RENDER_TARGET requestedAfter=COMMON|PRESENT
Renderer direct command list close seq=150 backBuffer=0
Renderer execute command lists seq=150 backBuffer=0
Renderer direct command list reset seq=151 backBuffer=1
BackBuffer barrier beginFrame backBuffer=1 trackedBefore=COMMON|PRESENT requestedAfter=RENDER_TARGET
BackBuffer barrier endFrame backBuffer=1 trackedBefore=RENDER_TARGET requestedAfter=COMMON|PRESENT
Renderer direct command list close seq=151 backBuffer=1
Renderer execute command lists seq=151 backBuffer=1
Renderer direct command list reset seq=152 backBuffer=0
BackBuffer barrier beginFrame backBuffer=0 trackedBefore=COMMON|PRESENT requestedAfter=RENDER_TARGET
BackBuffer barrier endFrame backBuffer=0 trackedBefore=RENDER_TARGET requestedAfter=COMMON|PRESENT
Renderer direct command list close seq=152 backBuffer=0
Renderer execute command lists seq=152 backBuffer=0
Renderer direct command list reset seq=153 backBuffer=1
BackBuffer barrier beginFrame backBuffer=1 trackedBefore=COMMON|PRESENT requestedAfter=RENDER_TARGET
BackBuffer barrier endFrame backBuffer=1 trackedBefore=RENDER_TARGET requestedAfter=COMMON|PRESENT
Renderer direct command list close seq=153 backBuffer=1
Renderer execute command lists seq=153 backBuffer=1
Renderer direct command list reset seq=154 backBuffer=0
BackBuffer barrier beginFrame backBuffer=0 trackedBefore=COMMON|PRESENT requestedAfter=RENDER_TARGET
BackBuffer barrier endFrame backBuffer=0 trackedBefore=RENDER_TARGET requestedAfter=COMMON|PRESENT
Renderer direct command list close seq=154 backBuffer=0
Renderer execute command lists seq=154 backBuffer=0
Renderer direct command list reset seq=155 backBuffer=1
BackBuffer barrier beginFrame backBuffer=1 trackedBefore=COMMON|PRESENT requestedAfter=RENDER_TARGET
BackBuffer barrier endFrame backBuffer=1 trackedBefore=RENDER_TARGET requestedAfter=COMMON|PRESENT
Renderer direct command list close seq=155 backBuffer=1
Renderer execute command lists seq=155 backBuffer=1
Renderer direct command list reset seq=156 backBuffer=0
BackBuffer barrier beginFrame backBuffer=0 trackedBefore=COMMON|PRESENT requestedAfter=RENDER_TARGET
BackBuffer barrier endFrame backBuffer=0 trackedBefore=RENDER_TARGET requestedAfter=COMMON|PRESENT
Renderer direct command list close seq=156 backBuffer=0
Renderer execute command lists seq=156 backBuffer=0
Renderer direct command list reset seq=157 backBuffer=1
BackBuffer barrier beginFrame backBuffer=1 trackedBefore=COMMON|PRESENT requestedAfter=RENDER_TARGET
BackBuffer barrier endFrame backBuffer=1 trackedBefore=RENDER_TARGET requestedAfter=COMMON|PRESENT
Renderer direct command list close seq=157 backBuffer=1
Renderer execute command lists seq=157 backBuffer=1
Renderer direct command list reset seq=158 backBuffer=0
BackBuffer barrier beginFrame backBuffer=0 trackedBefore=COMMON|PRESENT requestedAfter=RENDER_TARGET
BackBuffer barrier endFrame backBuffer=0 trackedBefore=RENDER_TARGET requestedAfter=COMMON|PRESENT
Renderer direct command list close seq=158 backBuffer=0
Renderer execute command lists seq=158 backBuffer=0
Renderer direct command list reset seq=159 backBuffer=1
BackBuffer barrier beginFrame backBuffer=1 trackedBefore=COMMON|PRESENT requestedAfter=RENDER_TARGET
BackBuffer barrier endFrame backBuffer=1 trackedBefore=RENDER_TARGET requestedAfter=COMMON|PRESENT
Renderer direct command list close seq=159 backBuffer=1
Renderer execute command lists seq=159 backBuffer=1
Renderer direct command list reset seq=160 backBuffer=0
BackBuffer barrier beginFrame backBuffer=0 trackedBefore=COMMON|PRESENT requestedAfter=RENDER_TARGET
BackBuffer barrier endFrame backBuffer=0 trackedBefore=RENDER_TARGET requestedAfter=COMMON|PRESENT
Renderer direct command list close seq=160 backBuffer=0
Renderer execute command lists seq=160 backBuffer=0
Renderer direct command list reset seq=161 backBuffer=1
BackBuffer barrier beginFrame backBuffer=1 trackedBefore=COMMON|PRESENT requestedAfter=RENDER_TARGET
BackBuffer barrier endFrame backBuffer=1 trackedBefore=RENDER_TARGET requestedAfter=COMMON|PRESENT
Renderer direct command list close seq=161 backBuffer=1
Renderer execute command lists seq=161 backBuffer=1
Renderer direct command list reset seq=162 backBuffer=0
BackBuffer barrier beginFrame backBuffer=0 trackedBefore=COMMON|PRESENT requestedAfter=RENDER_TARGET
BackBuffer barrier endFrame backBuffer=0 trackedBefore=RENDER_TARGET requestedAfter=COMMON|PRESENT
Renderer direct command list close seq=162 backBuffer=0
Renderer execute command lists seq=162 backBuffer=0
Renderer direct command list reset seq=163 backBuffer=1
BackBuffer barrier beginFrame backBuffer=1 trackedBefore=COMMON|PRESENT requestedAfter=RENDER_TARGET
BackBuffer barrier endFrame backBuffer=1 trackedBefore=RENDER_TARGET requestedAfter=COMMON|PRESENT
Renderer direct command list close seq=163 backBuffer=1
Renderer execute command lists seq=163 backBuffer=1
Renderer direct command list reset seq=164 backBuffer=0
BackBuffer barrier beginFrame backBuffer=0 trackedBefore=COMMON|PRESENT requestedAfter=RENDER_TARGET
BackBuffer barrier endFrame backBuffer=0 trackedBefore=RENDER_TARGET requestedAfter=COMMON|PRESENT
Renderer direct command list close seq=164 backBuffer=0
Renderer execute command lists seq=164 backBuffer=0
Renderer direct command list reset seq=165 backBuffer=1
BackBuffer barrier beginFrame backBuffer=1 trackedBefore=COMMON|PRESENT requestedAfter=RENDER_TARGET
BackBuffer barrier endFrame backBuffer=1 trackedBefore=RENDER_TARGET requestedAfter=COMMON|PRESENT
Renderer direct command list close seq=165 backBuffer=1
Renderer execute command lists seq=165 backBuffer=1
Renderer direct command list reset seq=166 backBuffer=0
BackBuffer barrier beginFrame backBuffer=0 trackedBefore=COMMON|PRESENT requestedAfter=RENDER_TARGET
BackBuffer barrier endFrame backBuffer=0 trackedBefore=RENDER_TARGET requestedAfter=COMMON|PRESENT
Renderer direct command list close seq=166 backBuffer=0
Renderer execute command lists seq=166 backBuffer=0
Renderer direct command list reset seq=167 backBuffer=1
BackBuffer barrier beginFrame backBuffer=1 trackedBefore=COMMON|PRESENT requestedAfter=RENDER_TARGET
BackBuffer barrier endFrame backBuffer=1 trackedBefore=RENDER_TARGET requestedAfter=COMMON|PRESENT
Renderer direct command list close seq=167 backBuffer=1
Renderer execute command lists seq=167 backBuffer=1
Renderer direct command list reset seq=168 backBuffer=0
BackBuffer barrier beginFrame backBuffer=0 trackedBefore=COMMON|PRESENT requestedAfter=RENDER_TARGET
BackBuffer barrier endFrame backBuffer=0 trackedBefore=RENDER_TARGET requestedAfter=COMMON|PRESENT
Renderer direct command list close seq=168 backBuffer=0
Renderer execute command lists seq=168 backBuffer=0
Renderer direct command list reset seq=169 backBuffer=1
BackBuffer barrier beginFrame backBuffer=1 trackedBefore=COMMON|PRESENT requestedAfter=RENDER_TARGET
BackBuffer barrier endFrame backBuffer=1 trackedBefore=RENDER_TARGET requestedAfter=COMMON|PRESENT
Renderer direct command list close seq=169 backBuffer=1
Renderer execute command lists seq=169 backBuffer=1
Renderer direct command list reset seq=170 backBuffer=0
BackBuffer barrier beginFrame backBuffer=0 trackedBefore=COMMON|PRESENT requestedAfter=RENDER_TARGET
BackBuffer barrier endFrame backBuffer=0 trackedBefore=RENDER_TARGET requestedAfter=COMMON|PRESENT
Renderer direct command list close seq=170 backBuffer=0
Renderer execute command lists seq=170 backBuffer=0
Renderer direct command list reset seq=171 backBuffer=1
BackBuffer barrier beginFrame backBuffer=1 trackedBefore=COMMON|PRESENT requestedAfter=RENDER_TARGET
BackBuffer barrier endFrame backBuffer=1 trackedBefore=RENDER_TARGET requestedAfter=COMMON|PRESENT
Renderer direct command list close seq=171 backBuffer=1
Renderer execute command lists seq=171 backBuffer=1
Renderer direct command list reset seq=172 backBuffer=0
BackBuffer barrier beginFrame backBuffer=0 trackedBefore=COMMON|PRESENT requestedAfter=RENDER_TARGET
BackBuffer barrier endFrame backBuffer=0 trackedBefore=RENDER_TARGET requestedAfter=COMMON|PRESENT
Renderer direct command list close seq=172 backBuffer=0
Renderer execute command lists seq=172 backBuffer=0
Renderer direct command list reset seq=173 backBuffer=1
BackBuffer barrier beginFrame backBuffer=1 trackedBefore=COMMON|PRESENT requestedAfter=RENDER_TARGET
BackBuffer barrier endFrame backBuffer=1 trackedBefore=RENDER_TARGET requestedAfter=COMMON|PRESENT
Renderer direct command list close seq=173 backBuffer=1
Renderer execute command lists seq=173 backBuffer=1
Renderer direct command list reset seq=174 backBuffer=0
BackBuffer barrier beginFrame backBuffer=0 trackedBefore=COMMON|PRESENT requestedAfter=RENDER_TARGET
BackBuffer barrier endFrame backBuffer=0 trackedBefore=RENDER_TARGET requestedAfter=COMMON|PRESENT
Renderer direct command list close seq=174 backBuffer=0
Renderer execute command lists seq=174 backBuffer=0
Renderer direct command list reset seq=175 backBuffer=1
BackBuffer barrier beginFrame backBuffer=1 trackedBefore=COMMON|PRESENT requestedAfter=RENDER_TARGET
BackBuffer barrier endFrame backBuffer=1 trackedBefore=RENDER_TARGET requestedAfter=COMMON|PRESENT
Renderer direct command list close seq=175 backBuffer=1
Renderer execute command lists seq=175 backBuffer=1
Renderer direct command list reset seq=176 backBuffer=0
BackBuffer barrier beginFrame backBuffer=0 trackedBefore=COMMON|PRESENT requestedAfter=RENDER_TARGET
BackBuffer barrier endFrame backBuffer=0 trackedBefore=RENDER_TARGET requestedAfter=COMMON|PRESENT
Renderer direct command list close seq=176 backBuffer=0
Renderer execute command lists seq=176 backBuffer=0
Renderer direct command list reset seq=177 backBuffer=1
BackBuffer barrier beginFrame backBuffer=1 trackedBefore=COMMON|PRESENT requestedAfter=RENDER_TARGET
BackBuffer barrier endFrame backBuffer=1 trackedBefore=RENDER_TARGET requestedAfter=COMMON|PRESENT
Renderer direct command list close seq=177 backBuffer=1
Renderer execute command lists seq=177 backBuffer=1
Renderer direct command list reset seq=178 backBuffer=0
BackBuffer barrier beginFrame backBuffer=0 trackedBefore=COMMON|PRESENT requestedAfter=RENDER_TARGET
BackBuffer barrier endFrame backBuffer=0 trackedBefore=RENDER_TARGET requestedAfter=COMMON|PRESENT
Renderer direct command list close seq=178 backBuffer=0
Renderer execute command lists seq=178 backBuffer=0
Renderer direct command list reset seq=179 backBuffer=1
BackBuffer barrier beginFrame backBuffer=1 trackedBefore=COMMON|PRESENT requestedAfter=RENDER_TARGET
BackBuffer barrier endFrame backBuffer=1 trackedBefore=RENDER_TARGET requestedAfter=COMMON|PRESENT
Renderer direct command list close seq=179 backBuffer=1
Renderer execute command lists seq=179 backBuffer=1
Renderer direct command list reset seq=180 backBuffer=0
BackBuffer barrier beginFrame backBuffer=0 trackedBefore=COMMON|PRESENT requestedAfter=RENDER_TARGET
BackBuffer barrier endFrame backBuffer=0 trackedBefore=RENDER_TARGET requestedAfter=COMMON|PRESENT
Renderer direct command list close seq=180 backBuffer=0
Renderer execute command lists seq=180 backBuffer=0
Renderer direct command list reset seq=181 backBuffer=1
BackBuffer barrier beginFrame backBuffer=1 trackedBefore=COMMON|PRESENT requestedAfter=RENDER_TARGET
BackBuffer barrier endFrame backBuffer=1 trackedBefore=RENDER_TARGET requestedAfter=COMMON|PRESENT
Renderer direct command list close seq=181 backBuffer=1
Renderer execute command lists seq=181 backBuffer=1
Renderer direct command list reset seq=182 backBuffer=0
BackBuffer barrier beginFrame backBuffer=0 trackedBefore=COMMON|PRESENT requestedAfter=RENDER_TARGET
BackBuffer barrier endFrame backBuffer=0 trackedBefore=RENDER_TARGET requestedAfter=COMMON|PRESENT
Renderer direct command list close seq=182 backBuffer=0
Renderer execute command lists seq=182 backBuffer=0
Renderer direct command list reset seq=183 backBuffer=1
BackBuffer barrier beginFrame backBuffer=1 trackedBefore=COMMON|PRESENT requestedAfter=RENDER_TARGET
BackBuffer barrier endFrame backBuffer=1 trackedBefore=RENDER_TARGET requestedAfter=COMMON|PRESENT
Renderer direct command list close seq=183 backBuffer=1
Renderer execute command lists seq=183 backBuffer=1
Renderer direct command list reset seq=184 backBuffer=0
BackBuffer barrier beginFrame backBuffer=0 trackedBefore=COMMON|PRESENT requestedAfter=RENDER_TARGET
BackBuffer barrier endFrame backBuffer=0 trackedBefore=RENDER_TARGET requestedAfter=COMMON|PRESENT
Renderer direct command list close seq=184 backBuffer=0
Renderer execute command lists seq=184 backBuffer=0
Renderer direct command list reset seq=185 backBuffer=1
BackBuffer barrier beginFrame backBuffer=1 trackedBefore=COMMON|PRESENT requestedAfter=RENDER_TARGET
BackBuffer barrier endFrame backBuffer=1 trackedBefore=RENDER_TARGET requestedAfter=COMMON|PRESENT
Renderer direct command list close seq=185 backBuffer=1
Renderer execute command lists seq=185 backBuffer=1
Renderer direct command list reset seq=186 backBuffer=0
BackBuffer barrier beginFrame backBuffer=0 trackedBefore=COMMON|PRESENT requestedAfter=RENDER_TARGET
BackBuffer barrier endFrame backBuffer=0 trackedBefore=RENDER_TARGET requestedAfter=COMMON|PRESENT
Renderer direct command list close seq=186 backBuffer=0
Renderer execute command lists seq=186 backBuffer=0
Renderer direct command list reset seq=187 backBuffer=1
BackBuffer barrier beginFrame backBuffer=1 trackedBefore=COMMON|PRESENT requestedAfter=RENDER_TARGET
BackBuffer barrier endFrame backBuffer=1 trackedBefore=RENDER_TARGET requestedAfter=COMMON|PRESENT
Renderer direct command list close seq=187 backBuffer=1
Renderer execute command lists seq=187 backBuffer=1
Renderer direct command list reset seq=188 backBuffer=0
BackBuffer barrier beginFrame backBuffer=0 trackedBefore=COMMON|PRESENT requestedAfter=RENDER_TARGET
BackBuffer barrier endFrame backBuffer=0 trackedBefore=RENDER_TARGET requestedAfter=COMMON|PRESENT
Renderer direct command list close seq=188 backBuffer=0
Renderer execute command lists seq=188 backBuffer=0
Renderer direct command list reset seq=189 backBuffer=1
BackBuffer barrier beginFrame backBuffer=1 trackedBefore=COMMON|PRESENT requestedAfter=RENDER_TARGET
BackBuffer barrier endFrame backBuffer=1 trackedBefore=RENDER_TARGET requestedAfter=COMMON|PRESENT
Renderer direct command list close seq=189 backBuffer=1
Renderer execute command lists seq=189 backBuffer=1
Renderer direct command list reset seq=190 backBuffer=0
BackBuffer barrier beginFrame backBuffer=0 trackedBefore=COMMON|PRESENT requestedAfter=RENDER_TARGET
BackBuffer barrier endFrame backBuffer=0 trackedBefore=RENDER_TARGET requestedAfter=COMMON|PRESENT
Renderer direct command list close seq=190 backBuffer=0
Renderer execute command lists seq=190 backBuffer=0
Renderer direct command list reset seq=191 backBuffer=1
BackBuffer barrier beginFrame backBuffer=1 trackedBefore=COMMON|PRESENT requestedAfter=RENDER_TARGET
BackBuffer barrier endFrame backBuffer=1 trackedBefore=RENDER_TARGET requestedAfter=COMMON|PRESENT
Renderer direct command list close seq=191 backBuffer=1
Renderer execute command lists seq=191 backBuffer=1
Renderer direct command list reset seq=192 backBuffer=0
BackBuffer barrier beginFrame backBuffer=0 trackedBefore=COMMON|PRESENT requestedAfter=RENDER_TARGET
BackBuffer barrier endFrame backBuffer=0 trackedBefore=RENDER_TARGET requestedAfter=COMMON|PRESENT
Renderer direct command list close seq=192 backBuffer=0
Renderer execute command lists seq=192 backBuffer=0
Renderer direct command list reset seq=193 backBuffer=1
BackBuffer barrier beginFrame backBuffer=1 trackedBefore=COMMON|PRESENT requestedAfter=RENDER_TARGET
BackBuffer barrier endFrame backBuffer=1 trackedBefore=RENDER_TARGET requestedAfter=COMMON|PRESENT
Renderer direct command list close seq=193 backBuffer=1
Renderer execute command lists seq=193 backBuffer=1
Renderer direct command list reset seq=194 backBuffer=0
BackBuffer barrier beginFrame backBuffer=0 trackedBefore=COMMON|PRESENT requestedAfter=RENDER_TARGET
BackBuffer barrier endFrame backBuffer=0 trackedBefore=RENDER_TARGET requestedAfter=COMMON|PRESENT
Renderer direct command list close seq=194 backBuffer=0
Renderer execute command lists seq=194 backBuffer=0
Renderer direct command list reset seq=195 backBuffer=1
BackBuffer barrier beginFrame backBuffer=1 trackedBefore=COMMON|PRESENT requestedAfter=RENDER_TARGET
BackBuffer barrier endFrame backBuffer=1 trackedBefore=RENDER_TARGET requestedAfter=COMMON|PRESENT
Renderer direct command list close seq=195 backBuffer=1
Renderer execute command lists seq=195 backBuffer=1
Renderer direct command list reset seq=196 backBuffer=0
BackBuffer barrier beginFrame backBuffer=0 trackedBefore=COMMON|PRESENT requestedAfter=RENDER_TARGET
BackBuffer barrier endFrame backBuffer=0 trackedBefore=RENDER_TARGET requestedAfter=COMMON|PRESENT
Renderer direct command list close seq=196 backBuffer=0
Renderer execute command lists seq=196 backBuffer=0
Renderer direct command list reset seq=197 backBuffer=1
BackBuffer barrier beginFrame backBuffer=1 trackedBefore=COMMON|PRESENT requestedAfter=RENDER_TARGET
BackBuffer barrier endFrame backBuffer=1 trackedBefore=RENDER_TARGET requestedAfter=COMMON|PRESENT
Renderer direct command list close seq=197 backBuffer=1
Renderer execute command lists seq=197 backBuffer=1
Renderer direct command list reset seq=198 backBuffer=0
BackBuffer barrier beginFrame backBuffer=0 trackedBefore=COMMON|PRESENT requestedAfter=RENDER_TARGET
BackBuffer barrier endFrame backBuffer=0 trackedBefore=RENDER_TARGET requestedAfter=COMMON|PRESENT
Renderer direct command list close seq=198 backBuffer=0
Renderer execute command lists seq=198 backBuffer=0
Renderer direct command list reset seq=199 backBuffer=1
BackBuffer barrier beginFrame backBuffer=1 trackedBefore=COMMON|PRESENT requestedAfter=RENDER_TARGET
BackBuffer barrier endFrame backBuffer=1 trackedBefore=RENDER_TARGET requestedAfter=COMMON|PRESENT
Renderer direct command list close seq=199 backBuffer=1
Renderer execute command lists seq=199 backBuffer=1
Renderer direct command list reset seq=200 backBuffer=0
BackBuffer barrier beginFrame backBuffer=0 trackedBefore=COMMON|PRESENT requestedAfter=RENDER_TARGET
BackBuffer barrier endFrame backBuffer=0 trackedBefore=RENDER_TARGET requestedAfter=COMMON|PRESENT
Renderer direct command list close seq=200 backBuffer=0
Renderer execute command lists seq=200 backBuffer=0
Renderer direct command list reset seq=201 backBuffer=1
BackBuffer barrier beginFrame backBuffer=1 trackedBefore=COMMON|PRESENT requestedAfter=RENDER_TARGET
BackBuffer barrier endFrame backBuffer=1 trackedBefore=RENDER_TARGET requestedAfter=COMMON|PRESENT
Renderer direct command list close seq=201 backBuffer=1
Renderer execute command lists seq=201 backBuffer=1
Renderer direct command list reset seq=202 backBuffer=0
BackBuffer barrier beginFrame backBuffer=0 trackedBefore=COMMON|PRESENT requestedAfter=RENDER_TARGET
BackBuffer barrier endFrame backBuffer=0 trackedBefore=RENDER_TARGET requestedAfter=COMMON|PRESENT
Renderer direct command list close seq=202 backBuffer=0
Renderer execute command lists seq=202 backBuffer=0
Renderer direct command list reset seq=203 backBuffer=1
BackBuffer barrier beginFrame backBuffer=1 trackedBefore=COMMON|PRESENT requestedAfter=RENDER_TARGET
BackBuffer barrier endFrame backBuffer=1 trackedBefore=RENDER_TARGET requestedAfter=COMMON|PRESENT
Renderer direct command list close seq=203 backBuffer=1
Renderer execute command lists seq=203 backBuffer=1
Renderer direct command list reset seq=204 backBuffer=0
BackBuffer barrier beginFrame backBuffer=0 trackedBefore=COMMON|PRESENT requestedAfter=RENDER_TARGET
BackBuffer barrier endFrame backBuffer=0 trackedBefore=RENDER_TARGET requestedAfter=COMMON|PRESENT
Renderer direct command list close seq=204 backBuffer=0
Renderer execute command lists seq=204 backBuffer=0
Renderer direct command list reset seq=205 backBuffer=1
BackBuffer barrier beginFrame backBuffer=1 trackedBefore=COMMON|PRESENT requestedAfter=RENDER_TARGET
BackBuffer barrier endFrame backBuffer=1 trackedBefore=RENDER_TARGET requestedAfter=COMMON|PRESENT
Renderer direct command list close seq=205 backBuffer=1
Renderer execute command lists seq=205 backBuffer=1
Renderer direct command list reset seq=206 backBuffer=0
BackBuffer barrier beginFrame backBuffer=0 trackedBefore=COMMON|PRESENT requestedAfter=RENDER_TARGET
BackBuffer barrier endFrame backBuffer=0 trackedBefore=RENDER_TARGET requestedAfter=COMMON|PRESENT
Renderer direct command list close seq=206 backBuffer=0
Renderer execute command lists seq=206 backBuffer=0
Renderer direct command list reset seq=207 backBuffer=1
BackBuffer barrier beginFrame backBuffer=1 trackedBefore=COMMON|PRESENT requestedAfter=RENDER_TARGET
BackBuffer barrier endFrame backBuffer=1 trackedBefore=RENDER_TARGET requestedAfter=COMMON|PRESENT
Renderer direct command list close seq=207 backBuffer=1
Renderer execute command lists seq=207 backBuffer=1
Renderer direct command list reset seq=208 backBuffer=0
BackBuffer barrier beginFrame backBuffer=0 trackedBefore=COMMON|PRESENT requestedAfter=RENDER_TARGET
BackBuffer barrier endFrame backBuffer=0 trackedBefore=RENDER_TARGET requestedAfter=COMMON|PRESENT
Renderer direct command list close seq=208 backBuffer=0
Renderer execute command lists seq=208 backBuffer=0
Renderer direct command list reset seq=209 backBuffer=1
BackBuffer barrier beginFrame backBuffer=1 trackedBefore=COMMON|PRESENT requestedAfter=RENDER_TARGET
BackBuffer barrier endFrame backBuffer=1 trackedBefore=RENDER_TARGET requestedAfter=COMMON|PRESENT
Renderer direct command list close seq=209 backBuffer=1
Renderer execute command lists seq=209 backBuffer=1
Renderer direct command list reset seq=210 backBuffer=0
BackBuffer barrier beginFrame backBuffer=0 trackedBefore=COMMON|PRESENT requestedAfter=RENDER_TARGET
BackBuffer barrier endFrame backBuffer=0 trackedBefore=RENDER_TARGET requestedAfter=COMMON|PRESENT
Renderer direct command list close seq=210 backBuffer=0
Renderer execute command lists seq=210 backBuffer=0
Renderer direct command list reset seq=211 backBuffer=1
BackBuffer barrier beginFrame backBuffer=1 trackedBefore=COMMON|PRESENT requestedAfter=RENDER_TARGET
BackBuffer barrier endFrame backBuffer=1 trackedBefore=RENDER_TARGET requestedAfter=COMMON|PRESENT
Renderer direct command list close seq=211 backBuffer=1
Renderer execute command lists seq=211 backBuffer=1
Renderer direct command list reset seq=212 backBuffer=0
BackBuffer barrier beginFrame backBuffer=0 trackedBefore=COMMON|PRESENT requestedAfter=RENDER_TARGET
BackBuffer barrier endFrame backBuffer=0 trackedBefore=RENDER_TARGET requestedAfter=COMMON|PRESENT
Renderer direct command list close seq=212 backBuffer=0
Renderer execute command lists seq=212 backBuffer=0
Renderer direct command list reset seq=213 backBuffer=1
BackBuffer barrier beginFrame backBuffer=1 trackedBefore=COMMON|PRESENT requestedAfter=RENDER_TARGET
BackBuffer barrier endFrame backBuffer=1 trackedBefore=RENDER_TARGET requestedAfter=COMMON|PRESENT
Renderer direct command list close seq=213 backBuffer=1
Renderer execute command lists seq=213 backBuffer=1
Renderer direct command list reset seq=214 backBuffer=0
BackBuffer barrier beginFrame backBuffer=0 trackedBefore=COMMON|PRESENT requestedAfter=RENDER_TARGET
BackBuffer barrier endFrame backBuffer=0 trackedBefore=RENDER_TARGET requestedAfter=COMMON|PRESENT
Renderer direct command list close seq=214 backBuffer=0
Renderer execute command lists seq=214 backBuffer=0
Renderer direct command list reset seq=215 backBuffer=1
BackBuffer barrier beginFrame backBuffer=1 trackedBefore=COMMON|PRESENT requestedAfter=RENDER_TARGET
BackBuffer barrier endFrame backBuffer=1 trackedBefore=RENDER_TARGET requestedAfter=COMMON|PRESENT
Renderer direct command list close seq=215 backBuffer=1
Renderer execute command lists seq=215 backBuffer=1
Renderer direct command list reset seq=216 backBuffer=0
BackBuffer barrier beginFrame backBuffer=0 trackedBefore=COMMON|PRESENT requestedAfter=RENDER_TARGET
BackBuffer barrier endFrame backBuffer=0 trackedBefore=RENDER_TARGET requestedAfter=COMMON|PRESENT
Renderer direct command list close seq=216 backBuffer=0
Renderer execute command lists seq=216 backBuffer=0
Renderer direct command list reset seq=217 backBuffer=1
BackBuffer barrier beginFrame backBuffer=1 trackedBefore=COMMON|PRESENT requestedAfter=RENDER_TARGET
BackBuffer barrier endFrame backBuffer=1 trackedBefore=RENDER_TARGET requestedAfter=COMMON|PRESENT
Renderer direct command list close seq=217 backBuffer=1
Renderer execute command lists seq=217 backBuffer=1
Renderer direct command list reset seq=218 backBuffer=0
BackBuffer barrier beginFrame backBuffer=0 trackedBefore=COMMON|PRESENT requestedAfter=RENDER_TARGET
BackBuffer barrier endFrame backBuffer=0 trackedBefore=RENDER_TARGET requestedAfter=COMMON|PRESENT
Renderer direct command list close seq=218 backBuffer=0
Renderer execute command lists seq=218 backBuffer=0
Renderer direct command list reset seq=219 backBuffer=1
BackBuffer barrier beginFrame backBuffer=1 trackedBefore=COMMON|PRESENT requestedAfter=RENDER_TARGET
BackBuffer barrier endFrame backBuffer=1 trackedBefore=RENDER_TARGET requestedAfter=COMMON|PRESENT
Renderer direct command list close seq=219 backBuffer=1
Renderer execute command lists seq=219 backBuffer=1
Renderer direct command list reset seq=220 backBuffer=0
BackBuffer barrier beginFrame backBuffer=0 trackedBefore=COMMON|PRESENT requestedAfter=RENDER_TARGET
BackBuffer barrier endFrame backBuffer=0 trackedBefore=RENDER_TARGET requestedAfter=COMMON|PRESENT
Renderer direct command list close seq=220 backBuffer=0
Renderer execute command lists seq=220 backBuffer=0
Renderer direct command list reset seq=221 backBuffer=1
BackBuffer barrier beginFrame backBuffer=1 trackedBefore=COMMON|PRESENT requestedAfter=RENDER_TARGET
BackBuffer barrier endFrame backBuffer=1 trackedBefore=RENDER_TARGET requestedAfter=COMMON|PRESENT
Renderer direct command list close seq=221 backBuffer=1
Renderer execute command lists seq=221 backBuffer=1
Renderer direct command list reset seq=222 backBuffer=0
BackBuffer barrier beginFrame backBuffer=0 trackedBefore=COMMON|PRESENT requestedAfter=RENDER_TARGET
BackBuffer barrier endFrame backBuffer=0 trackedBefore=RENDER_TARGET requestedAfter=COMMON|PRESENT
Renderer direct command list close seq=222 backBuffer=0
Renderer execute command lists seq=222 backBuffer=0
Renderer direct command list reset seq=223 backBuffer=1
BackBuffer barrier beginFrame backBuffer=1 trackedBefore=COMMON|PRESENT requestedAfter=RENDER_TARGET
BackBuffer barrier endFrame backBuffer=1 trackedBefore=RENDER_TARGET requestedAfter=COMMON|PRESENT
Renderer direct command list close seq=223 backBuffer=1
Renderer execute command lists seq=223 backBuffer=1
Renderer direct command list reset seq=224 backBuffer=0
BackBuffer barrier beginFrame backBuffer=0 trackedBefore=COMMON|PRESENT requestedAfter=RENDER_TARGET
BackBuffer barrier endFrame backBuffer=0 trackedBefore=RENDER_TARGET requestedAfter=COMMON|PRESENT
Renderer direct command list close seq=224 backBuffer=0
Renderer execute command lists seq=224 backBuffer=0
Renderer direct command list reset seq=225 backBuffer=1
BackBuffer barrier beginFrame backBuffer=1 trackedBefore=COMMON|PRESENT requestedAfter=RENDER_TARGET
BackBuffer barrier endFrame backBuffer=1 trackedBefore=RENDER_TARGET requestedAfter=COMMON|PRESENT
Renderer direct command list close seq=225 backBuffer=1
Renderer execute command lists seq=225 backBuffer=1
Renderer direct command list reset seq=226 backBuffer=0
BackBuffer barrier beginFrame backBuffer=0 trackedBefore=COMMON|PRESENT requestedAfter=RENDER_TARGET
BackBuffer barrier endFrame backBuffer=0 trackedBefore=RENDER_TARGET requestedAfter=COMMON|PRESENT
Renderer direct command list close seq=226 backBuffer=0
Renderer execute command lists seq=226 backBuffer=0
Renderer direct command list reset seq=227 backBuffer=1
BackBuffer barrier beginFrame backBuffer=1 trackedBefore=COMMON|PRESENT requestedAfter=RENDER_TARGET
BackBuffer barrier endFrame backBuffer=1 trackedBefore=RENDER_TARGET requestedAfter=COMMON|PRESENT
Renderer direct command list close seq=227 backBuffer=1
Renderer execute command lists seq=227 backBuffer=1
Renderer direct command list reset seq=228 backBuffer=0
BackBuffer barrier beginFrame backBuffer=0 trackedBefore=COMMON|PRESENT requestedAfter=RENDER_TARGET
BackBuffer barrier endFrame backBuffer=0 trackedBefore=RENDER_TARGET requestedAfter=COMMON|PRESENT
Renderer direct command list close seq=228 backBuffer=0
Renderer execute command lists seq=228 backBuffer=0
Renderer direct command list reset seq=229 backBuffer=1
BackBuffer barrier beginFrame backBuffer=1 trackedBefore=COMMON|PRESENT requestedAfter=RENDER_TARGET
BackBuffer barrier endFrame backBuffer=1 trackedBefore=RENDER_TARGET requestedAfter=COMMON|PRESENT
Renderer direct command list close seq=229 backBuffer=1
Renderer execute command lists seq=229 backBuffer=1
Renderer direct command list reset seq=230 backBuffer=0
BackBuffer barrier beginFrame backBuffer=0 trackedBefore=COMMON|PRESENT requestedAfter=RENDER_TARGET
BackBuffer barrier endFrame backBuffer=0 trackedBefore=RENDER_TARGET requestedAfter=COMMON|PRESENT
Renderer direct command list close seq=230 backBuffer=0
Renderer execute command lists seq=230 backBuffer=0
Renderer direct command list reset seq=231 backBuffer=1
BackBuffer barrier beginFrame backBuffer=1 trackedBefore=COMMON|PRESENT requestedAfter=RENDER_TARGET
BackBuffer barrier endFrame backBuffer=1 trackedBefore=RENDER_TARGET requestedAfter=COMMON|PRESENT
Renderer direct command list close seq=231 backBuffer=1
Renderer execute command lists seq=231 backBuffer=1
Renderer direct command list reset seq=232 backBuffer=0
BackBuffer barrier beginFrame backBuffer=0 trackedBefore=COMMON|PRESENT requestedAfter=RENDER_TARGET
BackBuffer barrier endFrame backBuffer=0 trackedBefore=RENDER_TARGET requestedAfter=COMMON|PRESENT
Renderer direct command list close seq=232 backBuffer=0
Renderer execute command lists seq=232 backBuffer=0
Renderer direct command list reset seq=233 backBuffer=1
BackBuffer barrier beginFrame backBuffer=1 trackedBefore=COMMON|PRESENT requestedAfter=RENDER_TARGET
BackBuffer barrier endFrame backBuffer=1 trackedBefore=RENDER_TARGET requestedAfter=COMMON|PRESENT
Renderer direct command list close seq=233 backBuffer=1
Renderer execute command lists seq=233 backBuffer=1
Renderer direct command list reset seq=234 backBuffer=0
BackBuffer barrier beginFrame backBuffer=0 trackedBefore=COMMON|PRESENT requestedAfter=RENDER_TARGET
BackBuffer barrier endFrame backBuffer=0 trackedBefore=RENDER_TARGET requestedAfter=COMMON|PRESENT
Renderer direct command list close seq=234 backBuffer=0
Renderer execute command lists seq=234 backBuffer=0
Renderer direct command list reset seq=235 backBuffer=1
BackBuffer barrier beginFrame backBuffer=1 trackedBefore=COMMON|PRESENT requestedAfter=RENDER_TARGET
BackBuffer barrier endFrame backBuffer=1 trackedBefore=RENDER_TARGET requestedAfter=COMMON|PRESENT
Renderer direct command list close seq=235 backBuffer=1
Renderer execute command lists seq=235 backBuffer=1
Renderer direct command list reset seq=236 backBuffer=0
BackBuffer barrier beginFrame backBuffer=0 trackedBefore=COMMON|PRESENT requestedAfter=RENDER_TARGET
BackBuffer barrier endFrame backBuffer=0 trackedBefore=RENDER_TARGET requestedAfter=COMMON|PRESENT
Renderer direct command list close seq=236 backBuffer=0
Renderer execute command lists seq=236 backBuffer=0
Renderer direct command list reset seq=237 backBuffer=1
BackBuffer barrier beginFrame backBuffer=1 trackedBefore=COMMON|PRESENT requestedAfter=RENDER_TARGET
BackBuffer barrier endFrame backBuffer=1 trackedBefore=RENDER_TARGET requestedAfter=COMMON|PRESENT
Renderer direct command list close seq=237 backBuffer=1
Renderer execute command lists seq=237 backBuffer=1
Renderer direct command list reset seq=238 backBuffer=0
BackBuffer barrier beginFrame backBuffer=0 trackedBefore=COMMON|PRESENT requestedAfter=RENDER_TARGET
BackBuffer barrier endFrame backBuffer=0 trackedBefore=RENDER_TARGET requestedAfter=COMMON|PRESENT
Renderer direct command list close seq=238 backBuffer=0
Renderer execute command lists seq=238 backBuffer=0
Renderer direct command list reset seq=239 backBuffer=1
BackBuffer barrier beginFrame backBuffer=1 trackedBefore=COMMON|PRESENT requestedAfter=RENDER_TARGET
BackBuffer barrier endFrame backBuffer=1 trackedBefore=RENDER_TARGET requestedAfter=COMMON|PRESENT
Renderer direct command list close seq=239 backBuffer=1
Renderer execute command lists seq=239 backBuffer=1
Renderer direct command list reset seq=240 backBuffer=0
BackBuffer barrier beginFrame backBuffer=0 trackedBefore=COMMON|PRESENT requestedAfter=RENDER_TARGET
BackBuffer barrier endFrame backBuffer=0 trackedBefore=RENDER_TARGET requestedAfter=COMMON|PRESENT
Renderer direct command list close seq=240 backBuffer=0
Renderer execute command lists seq=240 backBuffer=0
Renderer direct command list reset seq=241 backBuffer=1
BackBuffer barrier beginFrame backBuffer=1 trackedBefore=COMMON|PRESENT requestedAfter=RENDER_TARGET
BackBuffer barrier endFrame backBuffer=1 trackedBefore=RENDER_TARGET requestedAfter=COMMON|PRESENT
Renderer direct command list close seq=241 backBuffer=1
Renderer execute command lists seq=241 backBuffer=1
Renderer direct command list reset seq=242 backBuffer=0
BackBuffer barrier beginFrame backBuffer=0 trackedBefore=COMMON|PRESENT requestedAfter=RENDER_TARGET
BackBuffer barrier endFrame backBuffer=0 trackedBefore=RENDER_TARGET requestedAfter=COMMON|PRESENT
Renderer direct command list close seq=242 backBuffer=0
Renderer execute command lists seq=242 backBuffer=0
Renderer direct command list reset seq=243 backBuffer=1
BackBuffer barrier beginFrame backBuffer=1 trackedBefore=COMMON|PRESENT requestedAfter=RENDER_TARGET
BackBuffer barrier endFrame backBuffer=1 trackedBefore=RENDER_TARGET requestedAfter=COMMON|PRESENT
Renderer direct command list close seq=243 backBuffer=1
Renderer execute command lists seq=243 backBuffer=1
Renderer direct command list reset seq=244 backBuffer=0
BackBuffer barrier beginFrame backBuffer=0 trackedBefore=COMMON|PRESENT requestedAfter=RENDER_TARGET
BackBuffer barrier endFrame backBuffer=0 trackedBefore=RENDER_TARGET requestedAfter=COMMON|PRESENT
Renderer direct command list close seq=244 backBuffer=0
Renderer execute command lists seq=244 backBuffer=0
Renderer direct command list reset seq=245 backBuffer=1
BackBuffer barrier beginFrame backBuffer=1 trackedBefore=COMMON|PRESENT requestedAfter=RENDER_TARGET
BackBuffer barrier endFrame backBuffer=1 trackedBefore=RENDER_TARGET requestedAfter=COMMON|PRESENT
Renderer direct command list close seq=245 backBuffer=1
Renderer execute command lists seq=245 backBuffer=1
Renderer direct command list reset seq=246 backBuffer=0
BackBuffer barrier beginFrame backBuffer=0 trackedBefore=COMMON|PRESENT requestedAfter=RENDER_TARGET
BackBuffer barrier endFrame backBuffer=0 trackedBefore=RENDER_TARGET requestedAfter=COMMON|PRESENT
Renderer direct command list close seq=246 backBuffer=0
Renderer execute command lists seq=246 backBuffer=0
Renderer direct command list reset seq=247 backBuffer=1
BackBuffer barrier beginFrame backBuffer=1 trackedBefore=COMMON|PRESENT requestedAfter=RENDER_TARGET
BackBuffer barrier endFrame backBuffer=1 trackedBefore=RENDER_TARGET requestedAfter=COMMON|PRESENT
Renderer direct command list close seq=247 backBuffer=1
Renderer execute command lists seq=247 backBuffer=1
Renderer direct command list reset seq=248 backBuffer=0
BackBuffer barrier beginFrame backBuffer=0 trackedBefore=COMMON|PRESENT requestedAfter=RENDER_TARGET
BackBuffer barrier endFrame backBuffer=0 trackedBefore=RENDER_TARGET requestedAfter=COMMON|PRESENT
Renderer direct command list close seq=248 backBuffer=0
Renderer execute command lists seq=248 backBuffer=0
Renderer direct command list reset seq=249 backBuffer=1
BackBuffer barrier beginFrame backBuffer=1 trackedBefore=COMMON|PRESENT requestedAfter=RENDER_TARGET
BackBuffer barrier endFrame backBuffer=1 trackedBefore=RENDER_TARGET requestedAfter=COMMON|PRESENT
Renderer direct command list close seq=249 backBuffer=1
Renderer execute command lists seq=249 backBuffer=1
Renderer direct command list reset seq=250 backBuffer=0
BackBuffer barrier beginFrame backBuffer=0 trackedBefore=COMMON|PRESENT requestedAfter=RENDER_TARGET
BackBuffer barrier endFrame backBuffer=0 trackedBefore=RENDER_TARGET requestedAfter=COMMON|PRESENT
Renderer direct command list close seq=250 backBuffer=0
Renderer execute command lists seq=250 backBuffer=0
Renderer direct command list reset seq=251 backBuffer=1
BackBuffer barrier beginFrame backBuffer=1 trackedBefore=COMMON|PRESENT requestedAfter=RENDER_TARGET
BackBuffer barrier endFrame backBuffer=1 trackedBefore=RENDER_TARGET requestedAfter=COMMON|PRESENT
Renderer direct command list close seq=251 backBuffer=1
Renderer execute command lists seq=251 backBuffer=1
Renderer direct command list reset seq=252 backBuffer=0
BackBuffer barrier beginFrame backBuffer=0 trackedBefore=COMMON|PRESENT requestedAfter=RENDER_TARGET
BackBuffer barrier endFrame backBuffer=0 trackedBefore=RENDER_TARGET requestedAfter=COMMON|PRESENT
Renderer direct command list close seq=252 backBuffer=0
Renderer execute command lists seq=252 backBuffer=0
Renderer direct command list reset seq=253 backBuffer=1
BackBuffer barrier beginFrame backBuffer=1 trackedBefore=COMMON|PRESENT requestedAfter=RENDER_TARGET
BackBuffer barrier endFrame backBuffer=1 trackedBefore=RENDER_TARGET requestedAfter=COMMON|PRESENT
Renderer direct command list close seq=253 backBuffer=1
Renderer execute command lists seq=253 backBuffer=1
Renderer direct command list reset seq=254 backBuffer=0
BackBuffer barrier beginFrame backBuffer=0 trackedBefore=COMMON|PRESENT requestedAfter=RENDER_TARGET
BackBuffer barrier endFrame backBuffer=0 trackedBefore=RENDER_TARGET requestedAfter=COMMON|PRESENT
Renderer direct command list close seq=254 backBuffer=0
Renderer execute command lists seq=254 backBuffer=0
Renderer direct command list reset seq=255 backBuffer=1
BackBuffer barrier beginFrame backBuffer=1 trackedBefore=COMMON|PRESENT requestedAfter=RENDER_TARGET
BackBuffer barrier endFrame backBuffer=1 trackedBefore=RENDER_TARGET requestedAfter=COMMON|PRESENT
Renderer direct command list close seq=255 backBuffer=1
Renderer execute command lists seq=255 backBuffer=1
Renderer direct command list reset seq=256 backBuffer=0
BackBuffer barrier beginFrame backBuffer=0 trackedBefore=COMMON|PRESENT requestedAfter=RENDER_TARGET
BackBuffer barrier endFrame backBuffer=0 trackedBefore=RENDER_TARGET requestedAfter=COMMON|PRESENT
Renderer direct command list close seq=256 backBuffer=0
Renderer execute command lists seq=256 backBuffer=0
Renderer direct command list reset seq=257 backBuffer=1
BackBuffer barrier beginFrame backBuffer=1 trackedBefore=COMMON|PRESENT requestedAfter=RENDER_TARGET
BackBuffer barrier endFrame backBuffer=1 trackedBefore=RENDER_TARGET requestedAfter=COMMON|PRESENT
Renderer direct command list close seq=257 backBuffer=1
Renderer execute command lists seq=257 backBuffer=1
Renderer direct command list reset seq=258 backBuffer=0
BackBuffer barrier beginFrame backBuffer=0 trackedBefore=COMMON|PRESENT requestedAfter=RENDER_TARGET
BackBuffer barrier endFrame backBuffer=0 trackedBefore=RENDER_TARGET requestedAfter=COMMON|PRESENT
Renderer direct command list close seq=258 backBuffer=0
Renderer execute command lists seq=258 backBuffer=0
Renderer direct command list reset seq=259 backBuffer=1
BackBuffer barrier beginFrame backBuffer=1 trackedBefore=COMMON|PRESENT requestedAfter=RENDER_TARGET
BackBuffer barrier endFrame backBuffer=1 trackedBefore=RENDER_TARGET requestedAfter=COMMON|PRESENT
Renderer direct command list close seq=259 backBuffer=1
Renderer execute command lists seq=259 backBuffer=1
Renderer direct command list reset seq=260 backBuffer=0
BackBuffer barrier beginFrame backBuffer=0 trackedBefore=COMMON|PRESENT requestedAfter=RENDER_TARGET
BackBuffer barrier endFrame backBuffer=0 trackedBefore=RENDER_TARGET requestedAfter=COMMON|PRESENT
Renderer direct command list close seq=260 backBuffer=0
Renderer execute command lists seq=260 backBuffer=0
Renderer direct command list reset seq=261 backBuffer=1
BackBuffer barrier beginFrame backBuffer=1 trackedBefore=COMMON|PRESENT requestedAfter=RENDER_TARGET
BackBuffer barrier endFrame backBuffer=1 trackedBefore=RENDER_TARGET requestedAfter=COMMON|PRESENT
Renderer direct command list close seq=261 backBuffer=1
Renderer execute command lists seq=261 backBuffer=1
Renderer direct command list reset seq=262 backBuffer=0
BackBuffer barrier beginFrame backBuffer=0 trackedBefore=COMMON|PRESENT requestedAfter=RENDER_TARGET
BackBuffer barrier endFrame backBuffer=0 trackedBefore=RENDER_TARGET requestedAfter=COMMON|PRESENT
Renderer direct command list close seq=262 backBuffer=0
Renderer execute command lists seq=262 backBuffer=0
Renderer direct command list reset seq=263 backBuffer=1
BackBuffer barrier beginFrame backBuffer=1 trackedBefore=COMMON|PRESENT requestedAfter=RENDER_TARGET
BackBuffer barrier endFrame backBuffer=1 trackedBefore=RENDER_TARGET requestedAfter=COMMON|PRESENT
Renderer direct command list close seq=263 backBuffer=1
Renderer execute command lists seq=263 backBuffer=1
Renderer direct command list reset seq=264 backBuffer=0
BackBuffer barrier beginFrame backBuffer=0 trackedBefore=COMMON|PRESENT requestedAfter=RENDER_TARGET
BackBuffer barrier endFrame backBuffer=0 trackedBefore=RENDER_TARGET requestedAfter=COMMON|PRESENT
Renderer direct command list close seq=264 backBuffer=0
Renderer execute command lists seq=264 backBuffer=0
Renderer direct command list reset seq=265 backBuffer=1
BackBuffer barrier beginFrame backBuffer=1 trackedBefore=COMMON|PRESENT requestedAfter=RENDER_TARGET
BackBuffer barrier endFrame backBuffer=1 trackedBefore=RENDER_TARGET requestedAfter=COMMON|PRESENT
Renderer direct command list close seq=265 backBuffer=1
Renderer execute command lists seq=265 backBuffer=1
Renderer direct command list reset seq=266 backBuffer=0
BackBuffer barrier beginFrame backBuffer=0 trackedBefore=COMMON|PRESENT requestedAfter=RENDER_TARGET
BackBuffer barrier endFrame backBuffer=0 trackedBefore=RENDER_TARGET requestedAfter=COMMON|PRESENT
Renderer direct command list close seq=266 backBuffer=0
Renderer execute command lists seq=266 backBuffer=0
Renderer direct command list reset seq=267 backBuffer=1
BackBuffer barrier beginFrame backBuffer=1 trackedBefore=COMMON|PRESENT requestedAfter=RENDER_TARGET
BackBuffer barrier endFrame backBuffer=1 trackedBefore=RENDER_TARGET requestedAfter=COMMON|PRESENT
Renderer direct command list close seq=267 backBuffer=1
Renderer execute command lists seq=267 backBuffer=1
Renderer direct command list reset seq=268 backBuffer=0
BackBuffer barrier beginFrame backBuffer=0 trackedBefore=COMMON|PRESENT requestedAfter=RENDER_TARGET
BackBuffer barrier endFrame backBuffer=0 trackedBefore=RENDER_TARGET requestedAfter=COMMON|PRESENT
Renderer direct command list close seq=268 backBuffer=0
Renderer execute command lists seq=268 backBuffer=0
Renderer direct command list reset seq=269 backBuffer=1
BackBuffer barrier beginFrame backBuffer=1 trackedBefore=COMMON|PRESENT requestedAfter=RENDER_TARGET
BackBuffer barrier endFrame backBuffer=1 trackedBefore=RENDER_TARGET requestedAfter=COMMON|PRESENT
Renderer direct command list close seq=269 backBuffer=1
Renderer execute command lists seq=269 backBuffer=1
Renderer direct command list reset seq=270 backBuffer=0
BackBuffer barrier beginFrame backBuffer=0 trackedBefore=COMMON|PRESENT requestedAfter=RENDER_TARGET
BackBuffer barrier endFrame backBuffer=0 trackedBefore=RENDER_TARGET requestedAfter=COMMON|PRESENT
Renderer direct command list close seq=270 backBuffer=0
Renderer execute command lists seq=270 backBuffer=0
Renderer direct command list reset seq=271 backBuffer=1
BackBuffer barrier beginFrame backBuffer=1 trackedBefore=COMMON|PRESENT requestedAfter=RENDER_TARGET
BackBuffer barrier endFrame backBuffer=1 trackedBefore=RENDER_TARGET requestedAfter=COMMON|PRESENT
Renderer direct command list close seq=271 backBuffer=1
Renderer execute command lists seq=271 backBuffer=1
Renderer direct command list reset seq=272 backBuffer=0
BackBuffer barrier beginFrame backBuffer=0 trackedBefore=COMMON|PRESENT requestedAfter=RENDER_TARGET
BackBuffer barrier endFrame backBuffer=0 trackedBefore=RENDER_TARGET requestedAfter=COMMON|PRESENT
Renderer direct command list close seq=272 backBuffer=0
Renderer execute command lists seq=272 backBuffer=0
Renderer direct command list reset seq=273 backBuffer=1
BackBuffer barrier beginFrame backBuffer=1 trackedBefore=COMMON|PRESENT requestedAfter=RENDER_TARGET
BackBuffer barrier endFrame backBuffer=1 trackedBefore=RENDER_TARGET requestedAfter=COMMON|PRESENT
Renderer direct command list close seq=273 backBuffer=1
Renderer execute command lists seq=273 backBuffer=1
Renderer direct command list reset seq=274 backBuffer=0
BackBuffer barrier beginFrame backBuffer=0 trackedBefore=COMMON|PRESENT requestedAfter=RENDER_TARGET
BackBuffer barrier endFrame backBuffer=0 trackedBefore=RENDER_TARGET requestedAfter=COMMON|PRESENT
Renderer direct command list close seq=274 backBuffer=0
Renderer execute command lists seq=274 backBuffer=0
Renderer direct command list reset seq=275 backBuffer=1
BackBuffer barrier beginFrame backBuffer=1 trackedBefore=COMMON|PRESENT requestedAfter=RENDER_TARGET
BackBuffer barrier endFrame backBuffer=1 trackedBefore=RENDER_TARGET requestedAfter=COMMON|PRESENT
Renderer direct command list close seq=275 backBuffer=1
Renderer execute command lists seq=275 backBuffer=1
Renderer direct command list reset seq=276 backBuffer=0
BackBuffer barrier beginFrame backBuffer=0 trackedBefore=COMMON|PRESENT requestedAfter=RENDER_TARGET
BackBuffer barrier endFrame backBuffer=0 trackedBefore=RENDER_TARGET requestedAfter=COMMON|PRESENT
Renderer direct command list close seq=276 backBuffer=0
Renderer execute command lists seq=276 backBuffer=0
Renderer direct command list reset seq=277 backBuffer=1
BackBuffer barrier beginFrame backBuffer=1 trackedBefore=COMMON|PRESENT requestedAfter=RENDER_TARGET
BackBuffer barrier endFrame backBuffer=1 trackedBefore=RENDER_TARGET requestedAfter=COMMON|PRESENT
Renderer direct command list close seq=277 backBuffer=1
Renderer execute command lists seq=277 backBuffer=1
Renderer direct command list reset seq=278 backBuffer=0
BackBuffer barrier beginFrame backBuffer=0 trackedBefore=COMMON|PRESENT requestedAfter=RENDER_TARGET
BackBuffer barrier endFrame backBuffer=0 trackedBefore=RENDER_TARGET requestedAfter=COMMON|PRESENT
Renderer direct command list close seq=278 backBuffer=0
Renderer execute command lists seq=278 backBuffer=0
Renderer direct command list reset seq=279 backBuffer=1
BackBuffer barrier beginFrame backBuffer=1 trackedBefore=COMMON|PRESENT requestedAfter=RENDER_TARGET
BackBuffer barrier endFrame backBuffer=1 trackedBefore=RENDER_TARGET requestedAfter=COMMON|PRESENT
Renderer direct command list close seq=279 backBuffer=1
Renderer execute command lists seq=279 backBuffer=1
Renderer direct command list reset seq=280 backBuffer=0
BackBuffer barrier beginFrame backBuffer=0 trackedBefore=COMMON|PRESENT requestedAfter=RENDER_TARGET
BackBuffer barrier endFrame backBuffer=0 trackedBefore=RENDER_TARGET requestedAfter=COMMON|PRESENT
Renderer direct command list close seq=280 backBuffer=0
Renderer execute command lists seq=280 backBuffer=0
Renderer direct command list reset seq=281 backBuffer=1
BackBuffer barrier beginFrame backBuffer=1 trackedBefore=COMMON|PRESENT requestedAfter=RENDER_TARGET
BackBuffer barrier endFrame backBuffer=1 trackedBefore=RENDER_TARGET requestedAfter=COMMON|PRESENT
Renderer direct command list close seq=281 backBuffer=1
Renderer execute command lists seq=281 backBuffer=1
Renderer direct command list reset seq=282 backBuffer=0
BackBuffer barrier beginFrame backBuffer=0 trackedBefore=COMMON|PRESENT requestedAfter=RENDER_TARGET
BackBuffer barrier endFrame backBuffer=0 trackedBefore=RENDER_TARGET requestedAfter=COMMON|PRESENT
Renderer direct command list close seq=282 backBuffer=0
Renderer execute command lists seq=282 backBuffer=0
Renderer direct command list reset seq=283 backBuffer=1
BackBuffer barrier beginFrame backBuffer=1 trackedBefore=COMMON|PRESENT requestedAfter=RENDER_TARGET
BackBuffer barrier endFrame backBuffer=1 trackedBefore=RENDER_TARGET requestedAfter=COMMON|PRESENT
Renderer direct command list close seq=283 backBuffer=1
Renderer execute command lists seq=283 backBuffer=1
Renderer direct command list reset seq=284 backBuffer=0
BackBuffer barrier beginFrame backBuffer=0 trackedBefore=COMMON|PRESENT requestedAfter=RENDER_TARGET
BackBuffer barrier endFrame backBuffer=0 trackedBefore=RENDER_TARGET requestedAfter=COMMON|PRESENT
Renderer direct command list close seq=284 backBuffer=0
Renderer execute command lists seq=284 backBuffer=0
Renderer direct command list reset seq=285 backBuffer=1
BackBuffer barrier beginFrame backBuffer=1 trackedBefore=COMMON|PRESENT requestedAfter=RENDER_TARGET
BackBuffer barrier endFrame backBuffer=1 trackedBefore=RENDER_TARGET requestedAfter=COMMON|PRESENT
Renderer direct command list close seq=285 backBuffer=1
Renderer execute command lists seq=285 backBuffer=1
Renderer direct command list reset seq=286 backBuffer=0
BackBuffer barrier beginFrame backBuffer=0 trackedBefore=COMMON|PRESENT requestedAfter=RENDER_TARGET
BackBuffer barrier endFrame backBuffer=0 trackedBefore=RENDER_TARGET requestedAfter=COMMON|PRESENT
Renderer direct command list close seq=286 backBuffer=0
Renderer execute command lists seq=286 backBuffer=0
Renderer direct command list reset seq=287 backBuffer=1
BackBuffer barrier beginFrame backBuffer=1 trackedBefore=COMMON|PRESENT requestedAfter=RENDER_TARGET
BackBuffer barrier endFrame backBuffer=1 trackedBefore=RENDER_TARGET requestedAfter=COMMON|PRESENT
Renderer direct command list close seq=287 backBuffer=1
Renderer execute command lists seq=287 backBuffer=1
Renderer direct command list reset seq=288 backBuffer=0
BackBuffer barrier beginFrame backBuffer=0 trackedBefore=COMMON|PRESENT requestedAfter=RENDER_TARGET
BackBuffer barrier endFrame backBuffer=0 trackedBefore=RENDER_TARGET requestedAfter=COMMON|PRESENT
Renderer direct command list close seq=288 backBuffer=0
Renderer execute command lists seq=288 backBuffer=0
Renderer direct command list reset seq=289 backBuffer=1
BackBuffer barrier beginFrame backBuffer=1 trackedBefore=COMMON|PRESENT requestedAfter=RENDER_TARGET
BackBuffer barrier endFrame backBuffer=1 trackedBefore=RENDER_TARGET requestedAfter=COMMON|PRESENT
Renderer direct command list close seq=289 backBuffer=1
Renderer execute command lists seq=289 backBuffer=1
Renderer direct command list reset seq=290 backBuffer=0
BackBuffer barrier beginFrame backBuffer=0 trackedBefore=COMMON|PRESENT requestedAfter=RENDER_TARGET
BackBuffer barrier endFrame backBuffer=0 trackedBefore=RENDER_TARGET requestedAfter=COMMON|PRESENT
Renderer direct command list close seq=290 backBuffer=0
Renderer execute command lists seq=290 backBuffer=0
Renderer direct command list reset seq=291 backBuffer=1
BackBuffer barrier beginFrame backBuffer=1 trackedBefore=COMMON|PRESENT requestedAfter=RENDER_TARGET
BackBuffer barrier endFrame backBuffer=1 trackedBefore=RENDER_TARGET requestedAfter=COMMON|PRESENT
Renderer direct command list close seq=291 backBuffer=1
Renderer execute command lists seq=291 backBuffer=1
Renderer direct command list reset seq=292 backBuffer=0
BackBuffer barrier beginFrame backBuffer=0 trackedBefore=COMMON|PRESENT requestedAfter=RENDER_TARGET
BackBuffer barrier endFrame backBuffer=0 trackedBefore=RENDER_TARGET requestedAfter=COMMON|PRESENT
Renderer direct command list close seq=292 backBuffer=0
Renderer execute command lists seq=292 backBuffer=0
Renderer direct command list reset seq=293 backBuffer=1
BackBuffer barrier beginFrame backBuffer=1 trackedBefore=COMMON|PRESENT requestedAfter=RENDER_TARGET
BackBuffer barrier endFrame backBuffer=1 trackedBefore=RENDER_TARGET requestedAfter=COMMON|PRESENT
Renderer direct command list close seq=293 backBuffer=1
Renderer execute command lists seq=293 backBuffer=1
Renderer direct command list reset seq=294 backBuffer=0
BackBuffer barrier beginFrame backBuffer=0 trackedBefore=COMMON|PRESENT requestedAfter=RENDER_TARGET
BackBuffer barrier endFrame backBuffer=0 trackedBefore=RENDER_TARGET requestedAfter=COMMON|PRESENT
Renderer direct command list close seq=294 backBuffer=0
Renderer execute command lists seq=294 backBuffer=0
Renderer direct command list reset seq=295 backBuffer=1
BackBuffer barrier beginFrame backBuffer=1 trackedBefore=COMMON|PRESENT requestedAfter=RENDER_TARGET
BackBuffer barrier endFrame backBuffer=1 trackedBefore=RENDER_TARGET requestedAfter=COMMON|PRESENT
Renderer direct command list close seq=295 backBuffer=1
Renderer execute command lists seq=295 backBuffer=1
Renderer direct command list reset seq=296 backBuffer=0
BackBuffer barrier beginFrame backBuffer=0 trackedBefore=COMMON|PRESENT requestedAfter=RENDER_TARGET
BackBuffer barrier endFrame backBuffer=0 trackedBefore=RENDER_TARGET requestedAfter=COMMON|PRESENT
Renderer direct command list close seq=296 backBuffer=0
Renderer execute command lists seq=296 backBuffer=0
Renderer direct command list reset seq=297 backBuffer=1
BackBuffer barrier beginFrame backBuffer=1 trackedBefore=COMMON|PRESENT requestedAfter=RENDER_TARGET
BackBuffer barrier endFrame backBuffer=1 trackedBefore=RENDER_TARGET requestedAfter=COMMON|PRESENT
Renderer direct command list close seq=297 backBuffer=1
Renderer execute command lists seq=297 backBuffer=1
Renderer direct command list reset seq=298 backBuffer=0
BackBuffer barrier beginFrame backBuffer=0 trackedBefore=COMMON|PRESENT requestedAfter=RENDER_TARGET
BackBuffer barrier endFrame backBuffer=0 trackedBefore=RENDER_TARGET requestedAfter=COMMON|PRESENT
Renderer direct command list close seq=298 backBuffer=0
Renderer execute command lists seq=298 backBuffer=0
Renderer direct command list reset seq=299 backBuffer=1
BackBuffer barrier beginFrame backBuffer=1 trackedBefore=COMMON|PRESENT requestedAfter=RENDER_TARGET
BackBuffer barrier endFrame backBuffer=1 trackedBefore=RENDER_TARGET requestedAfter=COMMON|PRESENT
Renderer direct command list close seq=299 backBuffer=1
Renderer execute command lists seq=299 backBuffer=1
Renderer direct command list reset seq=300 backBuffer=0
BackBuffer barrier beginFrame backBuffer=0 trackedBefore=COMMON|PRESENT requestedAfter=RENDER_TARGET
BackBuffer barrier endFrame backBuffer=0 trackedBefore=RENDER_TARGET requestedAfter=COMMON|PRESENT
Renderer direct command list close seq=300 backBuffer=0
Renderer execute command lists seq=300 backBuffer=0
Renderer direct command list reset seq=301 backBuffer=1
BackBuffer barrier beginFrame backBuffer=1 trackedBefore=COMMON|PRESENT requestedAfter=RENDER_TARGET
BackBuffer barrier endFrame backBuffer=1 trackedBefore=RENDER_TARGET requestedAfter=COMMON|PRESENT
Renderer direct command list close seq=301 backBuffer=1
Renderer execute command lists seq=301 backBuffer=1
Renderer direct command list reset seq=302 backBuffer=0
BackBuffer barrier beginFrame backBuffer=0 trackedBefore=COMMON|PRESENT requestedAfter=RENDER_TARGET
BackBuffer barrier endFrame backBuffer=0 trackedBefore=RENDER_TARGET requestedAfter=COMMON|PRESENT
Renderer direct command list close seq=302 backBuffer=0
Renderer execute command lists seq=302 backBuffer=0
Renderer direct command list reset seq=303 backBuffer=1
BackBuffer barrier beginFrame backBuffer=1 trackedBefore=COMMON|PRESENT requestedAfter=RENDER_TARGET
BackBuffer barrier endFrame backBuffer=1 trackedBefore=RENDER_TARGET requestedAfter=COMMON|PRESENT
Renderer direct command list close seq=303 backBuffer=1
Renderer execute command lists seq=303 backBuffer=1
Renderer direct command list reset seq=304 backBuffer=0
BackBuffer barrier beginFrame backBuffer=0 trackedBefore=COMMON|PRESENT requestedAfter=RENDER_TARGET
BackBuffer barrier endFrame backBuffer=0 trackedBefore=RENDER_TARGET requestedAfter=COMMON|PRESENT
Renderer direct command list close seq=304 backBuffer=0
Renderer execute command lists seq=304 backBuffer=0
Renderer direct command list reset seq=305 backBuffer=1
BackBuffer barrier beginFrame backBuffer=1 trackedBefore=COMMON|PRESENT requestedAfter=RENDER_TARGET
BackBuffer barrier endFrame backBuffer=1 trackedBefore=RENDER_TARGET requestedAfter=COMMON|PRESENT
Renderer direct command list close seq=305 backBuffer=1
Renderer execute command lists seq=305 backBuffer=1
Renderer direct command list reset seq=306 backBuffer=0
BackBuffer barrier beginFrame backBuffer=0 trackedBefore=COMMON|PRESENT requestedAfter=RENDER_TARGET
BackBuffer barrier endFrame backBuffer=0 trackedBefore=RENDER_TARGET requestedAfter=COMMON|PRESENT
Renderer direct command list close seq=306 backBuffer=0
Renderer execute command lists seq=306 backBuffer=0
Renderer direct command list reset seq=307 backBuffer=1
BackBuffer barrier beginFrame backBuffer=1 trackedBefore=COMMON|PRESENT requestedAfter=RENDER_TARGET
BackBuffer barrier endFrame backBuffer=1 trackedBefore=RENDER_TARGET requestedAfter=COMMON|PRESENT
Renderer direct command list close seq=307 backBuffer=1
Renderer execute command lists seq=307 backBuffer=1
Renderer direct command list reset seq=308 backBuffer=0
BackBuffer barrier beginFrame backBuffer=0 trackedBefore=COMMON|PRESENT requestedAfter=RENDER_TARGET
BackBuffer barrier endFrame backBuffer=0 trackedBefore=RENDER_TARGET requestedAfter=COMMON|PRESENT
Renderer direct command list close seq=308 backBuffer=0
Renderer execute command lists seq=308 backBuffer=0
Renderer direct command list reset seq=309 backBuffer=1
BackBuffer barrier beginFrame backBuffer=1 trackedBefore=COMMON|PRESENT requestedAfter=RENDER_TARGET
BackBuffer barrier endFrame backBuffer=1 trackedBefore=RENDER_TARGET requestedAfter=COMMON|PRESENT
Renderer direct command list close seq=309 backBuffer=1
Renderer execute command lists seq=309 backBuffer=1
Renderer direct command list reset seq=310 backBuffer=0
BackBuffer barrier beginFrame backBuffer=0 trackedBefore=COMMON|PRESENT requestedAfter=RENDER_TARGET
BackBuffer barrier endFrame backBuffer=0 trackedBefore=RENDER_TARGET requestedAfter=COMMON|PRESENT
Renderer direct command list close seq=310 backBuffer=0
Renderer execute command lists seq=310 backBuffer=0
Renderer direct command list reset seq=311 backBuffer=1
BackBuffer barrier beginFrame backBuffer=1 trackedBefore=COMMON|PRESENT requestedAfter=RENDER_TARGET
BackBuffer barrier endFrame backBuffer=1 trackedBefore=RENDER_TARGET requestedAfter=COMMON|PRESENT
Renderer direct command list close seq=311 backBuffer=1
Renderer execute command lists seq=311 backBuffer=1
Renderer direct command list reset seq=312 backBuffer=0
BackBuffer barrier beginFrame backBuffer=0 trackedBefore=COMMON|PRESENT requestedAfter=RENDER_TARGET
BackBuffer barrier endFrame backBuffer=0 trackedBefore=RENDER_TARGET requestedAfter=COMMON|PRESENT
Renderer direct command list close seq=312 backBuffer=0
Renderer execute command lists seq=312 backBuffer=0
Renderer direct command list reset seq=313 backBuffer=1
BackBuffer barrier beginFrame backBuffer=1 trackedBefore=COMMON|PRESENT requestedAfter=RENDER_TARGET
BackBuffer barrier endFrame backBuffer=1 trackedBefore=RENDER_TARGET requestedAfter=COMMON|PRESENT
Renderer direct command list close seq=313 backBuffer=1
Renderer execute command lists seq=313 backBuffer=1
Renderer direct command list reset seq=314 backBuffer=0
BackBuffer barrier beginFrame backBuffer=0 trackedBefore=COMMON|PRESENT requestedAfter=RENDER_TARGET
BackBuffer barrier endFrame backBuffer=0 trackedBefore=RENDER_TARGET requestedAfter=COMMON|PRESENT
Renderer direct command list close seq=314 backBuffer=0
Renderer execute command lists seq=314 backBuffer=0
Renderer direct command list reset seq=315 backBuffer=1
BackBuffer barrier beginFrame backBuffer=1 trackedBefore=COMMON|PRESENT requestedAfter=RENDER_TARGET
BackBuffer barrier endFrame backBuffer=1 trackedBefore=RENDER_TARGET requestedAfter=COMMON|PRESENT
Renderer direct command list close seq=315 backBuffer=1
Renderer execute command lists seq=315 backBuffer=1
Renderer direct command list reset seq=316 backBuffer=0
BackBuffer barrier beginFrame backBuffer=0 trackedBefore=COMMON|PRESENT requestedAfter=RENDER_TARGET
BackBuffer barrier endFrame backBuffer=0 trackedBefore=RENDER_TARGET requestedAfter=COMMON|PRESENT
Renderer direct command list close seq=316 backBuffer=0
Renderer execute command lists seq=316 backBuffer=0
Renderer direct command list reset seq=317 backBuffer=1
BackBuffer barrier beginFrame backBuffer=1 trackedBefore=COMMON|PRESENT requestedAfter=RENDER_TARGET
BackBuffer barrier endFrame backBuffer=1 trackedBefore=RENDER_TARGET requestedAfter=COMMON|PRESENT
Renderer direct command list close seq=317 backBuffer=1
Renderer execute command lists seq=317 backBuffer=1
Renderer direct command list reset seq=318 backBuffer=0
BackBuffer barrier beginFrame backBuffer=0 trackedBefore=COMMON|PRESENT requestedAfter=RENDER_TARGET
BackBuffer barrier endFrame backBuffer=0 trackedBefore=RENDER_TARGET requestedAfter=COMMON|PRESENT
Renderer direct command list close seq=318 backBuffer=0
Renderer execute command lists seq=318 backBuffer=0
Renderer direct command list reset seq=319 backBuffer=1
BackBuffer barrier beginFrame backBuffer=1 trackedBefore=COMMON|PRESENT requestedAfter=RENDER_TARGET
BackBuffer barrier endFrame backBuffer=1 trackedBefore=RENDER_TARGET requestedAfter=COMMON|PRESENT
Renderer direct command list close seq=319 backBuffer=1
Renderer execute command lists seq=319 backBuffer=1
Renderer direct command list reset seq=320 backBuffer=0
BackBuffer barrier beginFrame backBuffer=0 trackedBefore=COMMON|PRESENT requestedAfter=RENDER_TARGET
BackBuffer barrier endFrame backBuffer=0 trackedBefore=RENDER_TARGET requestedAfter=COMMON|PRESENT
Renderer direct command list close seq=320 backBuffer=0
Renderer execute command lists seq=320 backBuffer=0
Renderer direct command list reset seq=321 backBuffer=1
BackBuffer barrier beginFrame backBuffer=1 trackedBefore=COMMON|PRESENT requestedAfter=RENDER_TARGET
BackBuffer barrier endFrame backBuffer=1 trackedBefore=RENDER_TARGET requestedAfter=COMMON|PRESENT
Renderer direct command list close seq=321 backBuffer=1
Renderer execute command lists seq=321 backBuffer=1
Renderer direct command list reset seq=322 backBuffer=0
BackBuffer barrier beginFrame backBuffer=0 trackedBefore=COMMON|PRESENT requestedAfter=RENDER_TARGET
BackBuffer barrier endFrame backBuffer=0 trackedBefore=RENDER_TARGET requestedAfter=COMMON|PRESENT
Renderer direct command list close seq=322 backBuffer=0
Renderer execute command lists seq=322 backBuffer=0
Renderer direct command list reset seq=323 backBuffer=1
BackBuffer barrier beginFrame backBuffer=1 trackedBefore=COMMON|PRESENT requestedAfter=RENDER_TARGET
BackBuffer barrier endFrame backBuffer=1 trackedBefore=RENDER_TARGET requestedAfter=COMMON|PRESENT
Renderer direct command list close seq=323 backBuffer=1
Renderer execute command lists seq=323 backBuffer=1
Renderer direct command list reset seq=324 backBuffer=0
BackBuffer barrier beginFrame backBuffer=0 trackedBefore=COMMON|PRESENT requestedAfter=RENDER_TARGET
BackBuffer barrier endFrame backBuffer=0 trackedBefore=RENDER_TARGET requestedAfter=COMMON|PRESENT
Renderer direct command list close seq=324 backBuffer=0
Renderer execute command lists seq=324 backBuffer=0
Renderer direct command list reset seq=325 backBuffer=1
BackBuffer barrier beginFrame backBuffer=1 trackedBefore=COMMON|PRESENT requestedAfter=RENDER_TARGET
BackBuffer barrier endFrame backBuffer=1 trackedBefore=RENDER_TARGET requestedAfter=COMMON|PRESENT
Renderer direct command list close seq=325 backBuffer=1
Renderer execute command lists seq=325 backBuffer=1
Renderer direct command list reset seq=326 backBuffer=0
BackBuffer barrier beginFrame backBuffer=0 trackedBefore=COMMON|PRESENT requestedAfter=RENDER_TARGET
BackBuffer barrier endFrame backBuffer=0 trackedBefore=RENDER_TARGET requestedAfter=COMMON|PRESENT
Renderer direct command list close seq=326 backBuffer=0
Renderer execute command lists seq=326 backBuffer=0
Renderer direct command list reset seq=327 backBuffer=1
BackBuffer barrier beginFrame backBuffer=1 trackedBefore=COMMON|PRESENT requestedAfter=RENDER_TARGET
BackBuffer barrier endFrame backBuffer=1 trackedBefore=RENDER_TARGET requestedAfter=COMMON|PRESENT
Renderer direct command list close seq=327 backBuffer=1
Renderer execute command lists seq=327 backBuffer=1
Renderer direct command list reset seq=328 backBuffer=0
BackBuffer barrier beginFrame backBuffer=0 trackedBefore=COMMON|PRESENT requestedAfter=RENDER_TARGET
BackBuffer barrier endFrame backBuffer=0 trackedBefore=RENDER_TARGET requestedAfter=COMMON|PRESENT
Renderer direct command list close seq=328 backBuffer=0
Renderer execute command lists seq=328 backBuffer=0
Renderer direct command list reset seq=329 backBuffer=1
BackBuffer barrier beginFrame backBuffer=1 trackedBefore=COMMON|PRESENT requestedAfter=RENDER_TARGET
BackBuffer barrier endFrame backBuffer=1 trackedBefore=RENDER_TARGET requestedAfter=COMMON|PRESENT
Renderer direct command list close seq=329 backBuffer=1
Renderer execute command lists seq=329 backBuffer=1
Renderer direct command list reset seq=330 backBuffer=0
BackBuffer barrier beginFrame backBuffer=0 trackedBefore=COMMON|PRESENT requestedAfter=RENDER_TARGET
BackBuffer barrier endFrame backBuffer=0 trackedBefore=RENDER_TARGET requestedAfter=COMMON|PRESENT
Renderer direct command list close seq=330 backBuffer=0
Renderer execute command lists seq=330 backBuffer=0
Renderer direct command list reset seq=331 backBuffer=1
BackBuffer barrier beginFrame backBuffer=1 trackedBefore=COMMON|PRESENT requestedAfter=RENDER_TARGET
BackBuffer barrier endFrame backBuffer=1 trackedBefore=RENDER_TARGET requestedAfter=COMMON|PRESENT
Renderer direct command list close seq=331 backBuffer=1
Renderer execute command lists seq=331 backBuffer=1
Renderer direct command list reset seq=332 backBuffer=0
BackBuffer barrier beginFrame backBuffer=0 trackedBefore=COMMON|PRESENT requestedAfter=RENDER_TARGET
BackBuffer barrier endFrame backBuffer=0 trackedBefore=RENDER_TARGET requestedAfter=COMMON|PRESENT
Renderer direct command list close seq=332 backBuffer=0
Renderer execute command lists seq=332 backBuffer=0
Renderer direct command list reset seq=333 backBuffer=1
BackBuffer barrier beginFrame backBuffer=1 trackedBefore=COMMON|PRESENT requestedAfter=RENDER_TARGET
BackBuffer barrier endFrame backBuffer=1 trackedBefore=RENDER_TARGET requestedAfter=COMMON|PRESENT
Renderer direct command list close seq=333 backBuffer=1
Renderer execute command lists seq=333 backBuffer=1
Renderer direct command list reset seq=334 backBuffer=0
BackBuffer barrier beginFrame backBuffer=0 trackedBefore=COMMON|PRESENT requestedAfter=RENDER_TARGET
BackBuffer barrier endFrame backBuffer=0 trackedBefore=RENDER_TARGET requestedAfter=COMMON|PRESENT
Renderer direct command list close seq=334 backBuffer=0
Renderer execute command lists seq=334 backBuffer=0
Renderer direct command list reset seq=335 backBuffer=1
BackBuffer barrier beginFrame backBuffer=1 trackedBefore=COMMON|PRESENT requestedAfter=RENDER_TARGET
BackBuffer barrier endFrame backBuffer=1 trackedBefore=RENDER_TARGET requestedAfter=COMMON|PRESENT
Renderer direct command list close seq=335 backBuffer=1
Renderer execute command lists seq=335 backBuffer=1
Renderer direct command list reset seq=336 backBuffer=0
BackBuffer barrier beginFrame backBuffer=0 trackedBefore=COMMON|PRESENT requestedAfter=RENDER_TARGET
BackBuffer barrier endFrame backBuffer=0 trackedBefore=RENDER_TARGET requestedAfter=COMMON|PRESENT
Renderer direct command list close seq=336 backBuffer=0
Renderer execute command lists seq=336 backBuffer=0
Renderer direct command list reset seq=337 backBuffer=1
BackBuffer barrier beginFrame backBuffer=1 trackedBefore=COMMON|PRESENT requestedAfter=RENDER_TARGET
BackBuffer barrier endFrame backBuffer=1 trackedBefore=RENDER_TARGET requestedAfter=COMMON|PRESENT
Renderer direct command list close seq=337 backBuffer=1
Renderer execute command lists seq=337 backBuffer=1
Renderer direct command list reset seq=338 backBuffer=0
BackBuffer barrier beginFrame backBuffer=0 trackedBefore=COMMON|PRESENT requestedAfter=RENDER_TARGET
BackBuffer barrier endFrame backBuffer=0 trackedBefore=RENDER_TARGET requestedAfter=COMMON|PRESENT
Renderer direct command list close seq=338 backBuffer=0
Renderer execute command lists seq=338 backBuffer=0
Renderer direct command list reset seq=339 backBuffer=1
BackBuffer barrier beginFrame backBuffer=1 trackedBefore=COMMON|PRESENT requestedAfter=RENDER_TARGET
BackBuffer barrier endFrame backBuffer=1 trackedBefore=RENDER_TARGET requestedAfter=COMMON|PRESENT
Renderer direct command list close seq=339 backBuffer=1
Renderer execute command lists seq=339 backBuffer=1
Renderer direct command list reset seq=340 backBuffer=0
BackBuffer barrier beginFrame backBuffer=0 trackedBefore=COMMON|PRESENT requestedAfter=RENDER_TARGET
BackBuffer barrier endFrame backBuffer=0 trackedBefore=RENDER_TARGET requestedAfter=COMMON|PRESENT
Renderer direct command list close seq=340 backBuffer=0
Renderer execute command lists seq=340 backBuffer=0
Renderer direct command list reset seq=341 backBuffer=1
BackBuffer barrier beginFrame backBuffer=1 trackedBefore=COMMON|PRESENT requestedAfter=RENDER_TARGET
BackBuffer barrier endFrame backBuffer=1 trackedBefore=RENDER_TARGET requestedAfter=COMMON|PRESENT
Renderer direct command list close seq=341 backBuffer=1
Renderer execute command lists seq=341 backBuffer=1
Renderer direct command list reset seq=342 backBuffer=0
BackBuffer barrier beginFrame backBuffer=0 trackedBefore=COMMON|PRESENT requestedAfter=RENDER_TARGET
BackBuffer barrier endFrame backBuffer=0 trackedBefore=RENDER_TARGET requestedAfter=COMMON|PRESENT
Renderer direct command list close seq=342 backBuffer=0
Renderer execute command lists seq=342 backBuffer=0
Renderer direct command list reset seq=343 backBuffer=1
BackBuffer barrier beginFrame backBuffer=1 trackedBefore=COMMON|PRESENT requestedAfter=RENDER_TARGET
BackBuffer barrier endFrame backBuffer=1 trackedBefore=RENDER_TARGET requestedAfter=COMMON|PRESENT
Renderer direct command list close seq=343 backBuffer=1
Renderer execute command lists seq=343 backBuffer=1
Renderer direct command list reset seq=344 backBuffer=0
BackBuffer barrier beginFrame backBuffer=0 trackedBefore=COMMON|PRESENT requestedAfter=RENDER_TARGET
BackBuffer barrier endFrame backBuffer=0 trackedBefore=RENDER_TARGET requestedAfter=COMMON|PRESENT
Renderer direct command list close seq=344 backBuffer=0
Renderer execute command lists seq=344 backBuffer=0
Renderer direct command list reset seq=345 backBuffer=1
BackBuffer barrier beginFrame backBuffer=1 trackedBefore=COMMON|PRESENT requestedAfter=RENDER_TARGET
BackBuffer barrier endFrame backBuffer=1 trackedBefore=RENDER_TARGET requestedAfter=COMMON|PRESENT
Renderer direct command list close seq=345 backBuffer=1
Renderer execute command lists seq=345 backBuffer=1
Renderer direct command list reset seq=346 backBuffer=0
BackBuffer barrier beginFrame backBuffer=0 trackedBefore=COMMON|PRESENT requestedAfter=RENDER_TARGET
BackBuffer barrier endFrame backBuffer=0 trackedBefore=RENDER_TARGET requestedAfter=COMMON|PRESENT
Renderer direct command list close seq=346 backBuffer=0
Renderer execute command lists seq=346 backBuffer=0
Renderer direct command list reset seq=347 backBuffer=1
BackBuffer barrier beginFrame backBuffer=1 trackedBefore=COMMON|PRESENT requestedAfter=RENDER_TARGET
BackBuffer barrier endFrame backBuffer=1 trackedBefore=RENDER_TARGET requestedAfter=COMMON|PRESENT
Renderer direct command list close seq=347 backBuffer=1
Renderer execute command lists seq=347 backBuffer=1
Renderer direct command list reset seq=348 backBuffer=0
BackBuffer barrier beginFrame backBuffer=0 trackedBefore=COMMON|PRESENT requestedAfter=RENDER_TARGET
BackBuffer barrier endFrame backBuffer=0 trackedBefore=RENDER_TARGET requestedAfter=COMMON|PRESENT
Renderer direct command list close seq=348 backBuffer=0
Renderer execute command lists seq=348 backBuffer=0
Renderer direct command list reset seq=349 backBuffer=1
BackBuffer barrier beginFrame backBuffer=1 trackedBefore=COMMON|PRESENT requestedAfter=RENDER_TARGET
BackBuffer barrier endFrame backBuffer=1 trackedBefore=RENDER_TARGET requestedAfter=COMMON|PRESENT
Renderer direct command list close seq=349 backBuffer=1
Renderer execute command lists seq=349 backBuffer=1
Renderer direct command list reset seq=350 backBuffer=0
BackBuffer barrier beginFrame backBuffer=0 trackedBefore=COMMON|PRESENT requestedAfter=RENDER_TARGET
BackBuffer barrier endFrame backBuffer=0 trackedBefore=RENDER_TARGET requestedAfter=COMMON|PRESENT
Renderer direct command list close seq=350 backBuffer=0
Renderer execute command lists seq=350 backBuffer=0
Renderer direct command list reset seq=351 backBuffer=1
BackBuffer barrier beginFrame backBuffer=1 trackedBefore=COMMON|PRESENT requestedAfter=RENDER_TARGET
BackBuffer barrier endFrame backBuffer=1 trackedBefore=RENDER_TARGET requestedAfter=COMMON|PRESENT
Renderer direct command list close seq=351 backBuffer=1
Renderer execute command lists seq=351 backBuffer=1
Renderer direct command list reset seq=352 backBuffer=0
BackBuffer barrier beginFrame backBuffer=0 trackedBefore=COMMON|PRESENT requestedAfter=RENDER_TARGET
BackBuffer barrier endFrame backBuffer=0 trackedBefore=RENDER_TARGET requestedAfter=COMMON|PRESENT
Renderer direct command list close seq=352 backBuffer=0
Renderer execute command lists seq=352 backBuffer=0
Renderer direct command list reset seq=353 backBuffer=1
BackBuffer barrier beginFrame backBuffer=1 trackedBefore=COMMON|PRESENT requestedAfter=RENDER_TARGET
BackBuffer barrier endFrame backBuffer=1 trackedBefore=RENDER_TARGET requestedAfter=COMMON|PRESENT
Renderer direct command list close seq=353 backBuffer=1
Renderer execute command lists seq=353 backBuffer=1
Renderer direct command list reset seq=354 backBuffer=0
BackBuffer barrier beginFrame backBuffer=0 trackedBefore=COMMON|PRESENT requestedAfter=RENDER_TARGET
BackBuffer barrier endFrame backBuffer=0 trackedBefore=RENDER_TARGET requestedAfter=COMMON|PRESENT
Renderer direct command list close seq=354 backBuffer=0
Renderer execute command lists seq=354 backBuffer=0
Renderer direct command list reset seq=355 backBuffer=1
BackBuffer barrier beginFrame backBuffer=1 trackedBefore=COMMON|PRESENT requestedAfter=RENDER_TARGET
BackBuffer barrier endFrame backBuffer=1 trackedBefore=RENDER_TARGET requestedAfter=COMMON|PRESENT
Renderer direct command list close seq=355 backBuffer=1
Renderer execute command lists seq=355 backBuffer=1
Renderer direct command list reset seq=356 backBuffer=0
BackBuffer barrier beginFrame backBuffer=0 trackedBefore=COMMON|PRESENT requestedAfter=RENDER_TARGET
BackBuffer barrier endFrame backBuffer=0 trackedBefore=RENDER_TARGET requestedAfter=COMMON|PRESENT
Renderer direct command list close seq=356 backBuffer=0
Renderer execute command lists seq=356 backBuffer=0
Renderer direct command list reset seq=357 backBuffer=1
BackBuffer barrier beginFrame backBuffer=1 trackedBefore=COMMON|PRESENT requestedAfter=RENDER_TARGET
BackBuffer barrier endFrame backBuffer=1 trackedBefore=RENDER_TARGET requestedAfter=COMMON|PRESENT
Renderer direct command list close seq=357 backBuffer=1
Renderer execute command lists seq=357 backBuffer=1
Renderer direct command list reset seq=358 backBuffer=0
BackBuffer barrier beginFrame backBuffer=0 trackedBefore=COMMON|PRESENT requestedAfter=RENDER_TARGET
BackBuffer barrier endFrame backBuffer=0 trackedBefore=RENDER_TARGET requestedAfter=COMMON|PRESENT
Renderer direct command list close seq=358 backBuffer=0
Renderer execute command lists seq=358 backBuffer=0
Renderer direct command list reset seq=359 backBuffer=1
BackBuffer barrier beginFrame backBuffer=1 trackedBefore=COMMON|PRESENT requestedAfter=RENDER_TARGET
BackBuffer barrier endFrame backBuffer=1 trackedBefore=RENDER_TARGET requestedAfter=COMMON|PRESENT
Renderer direct command list close seq=359 backBuffer=1
Renderer execute command lists seq=359 backBuffer=1
Renderer direct command list reset seq=360 backBuffer=0
BackBuffer barrier beginFrame backBuffer=0 trackedBefore=COMMON|PRESENT requestedAfter=RENDER_TARGET
BackBuffer barrier endFrame backBuffer=0 trackedBefore=RENDER_TARGET requestedAfter=COMMON|PRESENT
Renderer direct command list close seq=360 backBuffer=0
Renderer execute command lists seq=360 backBuffer=0
Renderer direct command list reset seq=361 backBuffer=1
BackBuffer barrier beginFrame backBuffer=1 trackedBefore=COMMON|PRESENT requestedAfter=RENDER_TARGET
BackBuffer barrier endFrame backBuffer=1 trackedBefore=RENDER_TARGET requestedAfter=COMMON|PRESENT
Renderer direct command list close seq=361 backBuffer=1
Renderer execute command lists seq=361 backBuffer=1
Renderer direct command list reset seq=362 backBuffer=0
BackBuffer barrier beginFrame backBuffer=0 trackedBefore=COMMON|PRESENT requestedAfter=RENDER_TARGET
BackBuffer barrier endFrame backBuffer=0 trackedBefore=RENDER_TARGET requestedAfter=COMMON|PRESENT
Renderer direct command list close seq=362 backBuffer=0
Renderer execute command lists seq=362 backBuffer=0
Renderer direct command list reset seq=363 backBuffer=1
BackBuffer barrier beginFrame backBuffer=1 trackedBefore=COMMON|PRESENT requestedAfter=RENDER_TARGET
BackBuffer barrier endFrame backBuffer=1 trackedBefore=RENDER_TARGET requestedAfter=COMMON|PRESENT
Renderer direct command list close seq=363 backBuffer=1
Renderer execute command lists seq=363 backBuffer=1
Renderer direct command list reset seq=364 backBuffer=0
BackBuffer barrier beginFrame backBuffer=0 trackedBefore=COMMON|PRESENT requestedAfter=RENDER_TARGET
BackBuffer barrier endFrame backBuffer=0 trackedBefore=RENDER_TARGET requestedAfter=COMMON|PRESENT
Renderer direct command list close seq=364 backBuffer=0
Renderer execute command lists seq=364 backBuffer=0
Renderer direct command list reset seq=365 backBuffer=1
BackBuffer barrier beginFrame backBuffer=1 trackedBefore=COMMON|PRESENT requestedAfter=RENDER_TARGET
BackBuffer barrier endFrame backBuffer=1 trackedBefore=RENDER_TARGET requestedAfter=COMMON|PRESENT
Renderer direct command list close seq=365 backBuffer=1
Renderer execute command lists seq=365 backBuffer=1
Renderer direct command list reset seq=366 backBuffer=0
BackBuffer barrier beginFrame backBuffer=0 trackedBefore=COMMON|PRESENT requestedAfter=RENDER_TARGET
BackBuffer barrier endFrame backBuffer=0 trackedBefore=RENDER_TARGET requestedAfter=COMMON|PRESENT
Renderer direct command list close seq=366 backBuffer=0
Renderer execute command lists seq=366 backBuffer=0
Renderer direct command list reset seq=367 backBuffer=1
BackBuffer barrier beginFrame backBuffer=1 trackedBefore=COMMON|PRESENT requestedAfter=RENDER_TARGET
BackBuffer barrier endFrame backBuffer=1 trackedBefore=RENDER_TARGET requestedAfter=COMMON|PRESENT
Renderer direct command list close seq=367 backBuffer=1
Renderer execute command lists seq=367 backBuffer=1
Renderer direct command list reset seq=368 backBuffer=0
BackBuffer barrier beginFrame backBuffer=0 trackedBefore=COMMON|PRESENT requestedAfter=RENDER_TARGET
BackBuffer barrier endFrame backBuffer=0 trackedBefore=RENDER_TARGET requestedAfter=COMMON|PRESENT
Renderer direct command list close seq=368 backBuffer=0
Renderer execute command lists seq=368 backBuffer=0
Renderer direct command list reset seq=369 backBuffer=1
BackBuffer barrier beginFrame backBuffer=1 trackedBefore=COMMON|PRESENT requestedAfter=RENDER_TARGET
BackBuffer barrier endFrame backBuffer=1 trackedBefore=RENDER_TARGET requestedAfter=COMMON|PRESENT
Renderer direct command list close seq=369 backBuffer=1
Renderer execute command lists seq=369 backBuffer=1
Renderer direct command list reset seq=370 backBuffer=0
BackBuffer barrier beginFrame backBuffer=0 trackedBefore=COMMON|PRESENT requestedAfter=RENDER_TARGET
BackBuffer barrier endFrame backBuffer=0 trackedBefore=RENDER_TARGET requestedAfter=COMMON|PRESENT
Renderer direct command list close seq=370 backBuffer=0
Renderer execute command lists seq=370 backBuffer=0
Renderer direct command list reset seq=371 backBuffer=1
BackBuffer barrier beginFrame backBuffer=1 trackedBefore=COMMON|PRESENT requestedAfter=RENDER_TARGET
BackBuffer barrier endFrame backBuffer=1 trackedBefore=RENDER_TARGET requestedAfter=COMMON|PRESENT
Renderer direct command list close seq=371 backBuffer=1
Renderer execute command lists seq=371 backBuffer=1
Renderer direct command list reset seq=372 backBuffer=0
BackBuffer barrier beginFrame backBuffer=0 trackedBefore=COMMON|PRESENT requestedAfter=RENDER_TARGET
BackBuffer barrier endFrame backBuffer=0 trackedBefore=RENDER_TARGET requestedAfter=COMMON|PRESENT
Renderer direct command list close seq=372 backBuffer=0
Renderer execute command lists seq=372 backBuffer=0
Renderer direct command list reset seq=373 backBuffer=1
BackBuffer barrier beginFrame backBuffer=1 trackedBefore=COMMON|PRESENT requestedAfter=RENDER_TARGET
BackBuffer barrier endFrame backBuffer=1 trackedBefore=RENDER_TARGET requestedAfter=COMMON|PRESENT
Renderer direct command list close seq=373 backBuffer=1
Renderer execute command lists seq=373 backBuffer=1
Renderer direct command list reset seq=374 backBuffer=0
BackBuffer barrier beginFrame backBuffer=0 trackedBefore=COMMON|PRESENT requestedAfter=RENDER_TARGET
BackBuffer barrier endFrame backBuffer=0 trackedBefore=RENDER_TARGET requestedAfter=COMMON|PRESENT
Renderer direct command list close seq=374 backBuffer=0
Renderer execute command lists seq=374 backBuffer=0
